Num1,Num2,Num3,Num4,Num5,Num6,Num7
5,14,15,17,28,30,34
2,3,13,18,19,23,37
13,17,18,20,21,26,39
17,20,23,26,35,36,38
3,4,8,11,29,32,37
6,7,16,24,34,38,39
2,3,7,8,20,23,26
5,9,12,28,32,36,38
1,5,19,24,26,30,34
2,12,16,20,26,28,36
14,15,16,20,24,27,39
15,17,28,29,31,32,35
8,9,10,22,31,34,36
16,20,26,28,30,35,36
4,8,16,24,32,35,36
7,11,25,27,31,36,38
5,9,18,21,22,28,35
2,7,12,13,19,24,35
10,17,19,21,30,35,38
5,8,24,25,28,29,33
2,9,18,21,25,28,34
12,17,19,25,27,29,33
4,5,8,14,26,31,36
1,7,9,24,28,29,30
2,6,11,19,20,27,32
2,4,14,15,30,35,39
13,16,17,25,32,33,36
8,26,30,31,34,36,39
12,13,14,15,18,33,36
5,8,10,11,17,25,26
1,7,19,21,35,38,39
3,4,5,8,11,15,16
5,9,22,24,25,32,35
3,7,9,14,15,21,35
2,3,12,16,18,23,35
5,15,18,27,35,36,37
3,5,14,17,27,28,30
3,8,12,24,25,33,35
9,11,14,16,17,19,34
10,20,22,25,30,33,39
2,10,14,29,31,32,39
5,9,14,24,27,29,37
4,17,20,23,31,34,38
3,5,7,28,30,37,38
12,20,26,28,29,36,39
1,2,10,13,22,29,39
6,7,17,18,24,30,35
1,2,7,18,21,25,27
1,11,17,22,26,30,31
16,19,21,27,28,36,39
3,14,23,27,32,35,38
2,9,18,23,31,38,39
1,9,11,17,29,32,39
1,5,10,22,23,28,38
8,9,17,22,36,37,39
1,6,8,14,30,36,38
1,3,14,21,23,26,34
1,2,6,10,12,14,28
12,14,15,18,20,27,37
1,4,9,13,19,36,37
3,6,16,18,19,30,31
3,12,17,24,32,35,39
1,3,15,22,23,33,39
4,12,14,16,26,36,38
6,11,19,21,22,29,30
13,19,22,27,34,36,39
4,8,16,24,36,37,39
1,8,12,14,21,24,27
3,7,18,21,23,28,31
4,11,19,22,26,29,34
2,11,15,18,28,32,33
1,9,15,27,31,37,38
8,9,10,15,24,27,39
4,5,11,29,31,38,39
2,4,23,26,30,31,36
1,12,14,17,23,28,31
10,12,13,15,18,31,37
2,7,14,15,30,34,37
6,23,31,32,33,35,36
2,4,11,17,28,32,33
5,9,11,25,29,36,38
1,5,25,26,32,35,39
4,8,15,16,24,25,38
10,14,16,27,33,34,37
14,16,17,20,21,31,34
9,25,28,30,32,35,38
1,4,21,23,24,29,39
10,11,16,17,30,34,39
4,9,10,11,19,29,31
4,5,8,23,30,33,36
5,7,9,34,35,38,39
3,4,11,25,26,30,37
5,6,23,30,32,33,39
6,9,15,23,31,32,33
6,9,12,18,23,28,31
3,5,6,10,26,28,34
1,12,20,23,30,38,39
7,8,10,20,22,28,33
2,7,8,16,19,34,39
5,12,15,18,33,35,38
4,11,25,27,28,35,37
6,7,9,15,27,29,35
3,6,8,14,19,24,39
7,12,17,19,33,36,38
1,8,9,15,21,22,31
14,15,17,25,28,31,38
2,5,7,11,24,26,33
2,3,6,8,9,13,27
5,6,10,21,30,31,32
2,9,18,19,21,25,34
4,17,18,24,25,26,36
8,16,23,27,32,35,37
8,9,14,20,24,31,32
10,16,17,24,26,28,34
2,12,13,15,18,24,30
11,15,16,23,25,28,35
8,13,16,26,31,36,37
2,5,23,28,29,34,38
16,18,20,23,24,33,36
1,7,8,11,17,18,21
8,19,25,26,27,35,36
2,6,7,12,22,26,35
7,8,10,11,22,31,34
6,9,11,14,32,37,39
3,4,5,9,14,21,26
16,19,21,23,25,34,37
1,2,11,15,16,26,37
7,9,13,14,16,28,30
6,11,18,21,26,33,35
7,10,14,16,20,21,28
6,15,16,23,28,32,39
4,13,17,19,26,30,38
18,21,23,26,31,35,39
4,9,10,11,12,26,39
12,14,16,20,32,34,38
1,4,14,15,18,35,37
1,3,8,15,16,17,39
10,17,19,21,24,29,32
2,11,24,26,28,32,38
6,14,15,21,25,32,38
9,11,16,20,24,37,38
15,16,18,19,28,30,37
4,7,17,27,30,36,38
3,8,12,18,25,31,33
1,5,19,25,33,35,38
1,3,7,9,21,23,38
7,10,15,16,18,19,28
2,3,33,34,36,37,39
6,9,14,16,30,31,33
2,9,11,12,19,27,39
3,14,16,25,30,37,39
7,9,10,16,21,37,38
3,4,17,27,32,33,35
1,4,14,19,29,30,33
3,11,15,20,27,31,34
9,13,24,26,32,35,37
4,10,12,19,20,27,38
12,15,22,24,29,30,36
3,9,15,17,24,32,37
3,18,21,22,23,35,38
7,10,11,18,26,29,34
2,3,15,18,30,31,39
2,17,18,22,27,34,38
3,7,26,31,33,35,38
2,5,7,19,21,27,28
4,5,11,12,14,16,18
1,13,18,22,32,33,35
1,2,3,6,13,33,34
4,6,11,21,22,29,30
4,8,10,25,29,31,38
5,8,11,22,25,28,33
2,3,9,11,19,37,38
1,4,10,23,29,33,38
8,12,26,27,30,34,36
9,14,17,19,22,28,39
4,8,10,19,21,32,38
3,4,10,16,27,34,36
2,4,8,12,15,22,26
3,6,9,10,15,32,33
4,17,25,26,28,33,35
4,17,19,21,22,29,37
2,3,4,15,17,19,21
4,9,12,26,27,32,39
1,10,16,22,24,32,35
7,10,12,16,17,23,26
8,11,17,19,31,35,38
6,18,21,26,30,35,37
3,5,6,19,28,32,35
3,4,8,21,25,34,38
2,4,8,12,20,27,37
4,5,6,15,20,24,35
4,5,6,8,12,16,39
7,8,15,24,25,26,32
6,20,30,32,33,35,36
8,15,16,23,29,35,37
3,10,11,14,25,31,35
3,13,15,19,21,23,33
3,14,25,32,33,35,37
7,8,18,20,24,28,38
6,8,9,23,32,33,36
2,3,14,21,25,29,31
1,14,22,23,25,29,38
2,3,6,9,11,13,38
4,11,13,17,27,29,30
3,12,13,14,15,29,34
10,17,21,23,26,30,32
3,6,14,19,29,30,36
1,6,10,18,22,27,31
2,7,9,14,19,22,39
6,9,10,18,26,30,34
3,6,8,11,13,19,31
2,7,8,17,23,30,32
12,15,17,22,29,31,37
6,12,16,17,22,23,39
2,11,12,22,31,32,33
6,14,20,22,27,37,38
16,18,23,25,30,37,39
11,14,16,22,24,32,34
10,11,18,23,26,33,39
3,5,8,9,11,15,28
7,21,26,30,34,35,36
14,15,21,28,30,35,37
9,11,13,15,17,30,37
1,7,10,14,17,21,27
1,7,13,18,28,38,39
5,9,11,19,24,32,35
2,14,18,24,26,30,37
1,14,15,20,23,32,37
2,4,12,23,25,26,35
3,8,17,18,21,29,35
3,4,11,13,25,26,35
15,16,20,24,27,36,39
1,6,13,19,29,34,37
3,6,8,9,18,36,39
1,7,8,13,16,17,28
9,15,20,24,25,33,35
1,4,10,17,24,32,33
15,22,24,25,28,33,34
4,11,12,16,21,24,30
3,8,9,13,14,21,38
3,10,15,21,34,35,37
3,7,11,29,30,31,34
1,10,14,19,34,36,39
1,3,4,7,8,22,39
14,20,23,25,26,28,33
5,9,12,16,21,37,38
11,31,32,33,37,38,39
15,21,24,26,31,34,37
7,12,18,19,27,30,38
1,5,8,15,20,23,34
7,8,12,13,14,17,28
3,6,21,29,31,35,36
3,4,6,11,20,29,33
10,20,24,26,27,35,38
16,20,24,33,35,37,39
1,4,6,7,16,17,26
4,7,11,16,19,27,33
4,5,17,18,27,36,39
4,6,7,9,21,23,24
3,5,6,28,34,37,39
3,5,17,25,26,30,32
3,10,14,18,23,24,32
11,16,17,19,22,30,38
6,15,16,18,19,25,29
5,10,12,23,27,28,30
1,6,23,31,33,35,38
4,10,13,15,20,27,39
4,22,24,25,26,32,35
2,7,17,22,29,38,39
1,7,9,14,24,25,34
2,3,11,12,15,29,39
4,11,12,13,17,23,38
4,22,23,26,27,32,35
3,11,13,17,21,29,32
2,3,7,15,17,19,22
4,8,10,14,22,29,33
5,8,9,10,19,20,38
8,9,10,15,29,30,33
1,6,7,18,19,31,38
1,4,11,26,31,35,36
1,5,6,11,14,17,28
1,5,14,26,30,32,34
2,9,18,20,26,29,31
1,7,9,12,21,28,35
2,6,17,19,26,30,32
2,3,8,9,18,22,35
2,16,22,25,29,34,35
3,9,19,20,34,35,38
4,12,13,17,25,35,39
6,21,22,33,34,36,38
2,5,11,22,30,32,38
5,7,20,24,25,33,39
5,9,16,17,20,22,34
1,5,13,14,15,30,31
3,16,18,22,24,28,36
5,8,16,29,33,35,37
4,7,9,10,13,15,29
18,21,24,26,29,30,38
10,11,12,14,15,18,25
4,13,18,21,31,35,38
5,16,19,22,23,25,33
2,12,13,26,30,33,37
4,8,21,23,24,26,37
2,5,26,28,34,36,39
9,12,20,26,29,34,36
2,5,6,15,17,19,27
3,4,16,28,35,36,39
15,22,24,30,31,32,34
1,8,19,22,24,25,29
6,11,12,17,22,27,28
7,10,11,23,26,33,38
11,12,14,23,28,31,36
2,5,8,15,22,27,35
6,8,11,21,23,25,38
3,10,19,24,27,34,36
5,15,17,18,24,31,35
7,8,13,22,31,37,38
2,4,18,19,23,27,36
1,7,9,15,18,27,36
1,7,8,9,12,23,28
1,3,8,12,15,23,32
8,10,11,12,18,24,38
12,13,21,23,24,26,27
5,7,10,12,16,18,23
2,13,15,16,25,31,34
1,2,7,14,17,19,20
12,13,15,18,26,27,28
1,2,13,20,30,33,34
5,11,15,20,31,32,35
1,2,3,7,22,27,37
10,12,13,18,21,32,36
7,10,20,24,26,27,39
3,8,17,22,25,28,29
3,6,9,14,24,28,32
5,8,12,25,29,36,37
5,13,16,23,28,32,36
1,10,13,17,22,35,39
15,21,22,28,33,35,36
2,18,22,24,30,31,38
4,6,10,29,32,38,39
3,4,9,12,13,32,37
1,20,22,28,31,32,36
1,7,11,16,17,21,39
3,5,6,9,11,16,31
1,11,12,22,24,28,32
2,17,24,26,32,33,38
10,14,26,27,32,33,36
2,16,26,28,30,38,39
5,9,12,18,22,23,25
2,13,18,21,31,35,38
7,10,21,28,35,36,37
1,6,12,16,29,35,36
6,9,10,11,25,30,38
5,11,13,20,22,28,34
1,5,7,11,19,31,33
11,13,15,24,26,27,39
3,11,13,18,19,24,27
1,9,13,17,20,27,39
1,5,13,16,17,26,30
1,3,4,22,24,29,34
7,13,15,26,32,33,38
1,3,10,11,26,30,37
4,9,17,18,22,23,25
7,22,30,31,33,36,37
3,18,20,21,32,35,36
5,17,20,24,29,35,38
4,5,15,17,18,19,28
10,18,30,31,34,37,38
1,13,15,21,22,23,35
2,8,15,18,23,25,37
1,9,20,22,25,27,32
5,8,14,19,26,34,38
1,6,9,18,23,25,26
5,8,16,21,23,31,33
4,7,10,14,15,18,20
14,17,20,24,26,29,35
3,19,20,27,31,38,39
2,8,9,12,13,15,28
5,7,10,19,23,28,30
1,7,13,14,31,32,33
3,6,9,19,21,34,37
18,19,20,25,29,31,38
1,4,17,23,25,30,38
2,4,7,16,32,34,35
10,16,17,20,21,24,30
15,18,20,24,25,28,35
2,8,12,21,22,34,35
4,17,21,30,34,35,37
3,4,8,11,19,20,32
3,14,15,24,30,33,37
6,10,19,22,26,31,32
12,15,16,18,21,30,32
2,3,9,21,27,34,35
2,4,6,18,25,31,39
7,9,15,16,18,30,37
19,23,24,25,28,30,31
1,7,17,26,35,36,38
6,16,21,23,28,29,31
2,10,11,20,22,25,28
1,7,8,10,30,31,38
6,19,21,27,28,32,35
7,9,15,22,23,31,36
2,6,12,20,23,27,33
6,7,9,13,31,32,38
3,5,10,22,33,36,37
4,9,18,20,35,36,37
3,5,7,11,25,29,34
8,11,16,17,18,34,39
12,15,21,24,28,32,34
2,3,6,13,17,28,33
6,10,12,26,27,29,39
4,11,17,20,29,30,39
3,11,23,27,32,33,38
16,19,24,25,34,35,38
4,17,19,23,31,33,36
17,20,22,28,31,33,37
2,5,16,17,35,38,39
9,15,21,24,28,31,39
5,8,10,15,21,28,30
2,7,8,19,30,32,36
1,2,3,10,23,24,35
1,7,20,29,35,36,38
5,8,9,10,22,28,36
7,8,19,20,21,33,34
4,5,22,28,35,38,39
2,9,11,12,13,31,32
3,9,10,12,20,24,25
3,18,21,26,27,28,33
1,2,3,19,21,24,35
1,2,3,16,18,29,32
3,7,15,21,22,34,38
17,19,23,31,34,35,36
2,3,9,20,21,24,27
10,11,16,24,28,30,35
1,2,11,20,21,22,37
5,8,10,28,31,36,38
5,8,13,23,24,27,32
17,24,26,27,28,32,38
3,9,10,12,16,18,27
8,9,15,19,26,32,38
1,5,9,10,13,25,30
11,17,22,23,26,28,39
2,4,5,23,26,29,39
13,15,22,26,28,38,39
7,15,24,28,33,35,36
4,12,17,20,21,35,39
6,8,12,20,21,24,28
1,10,20,21,22,32,34
3,10,23,27,32,34,35
1,11,23,26,29,31,33
5,6,20,32,33,35,37
2,3,10,14,18,24,29
6,9,12,15,18,21,38
4,14,18,21,24,34,37
2,6,7,13,19,27,31
9,10,14,20,23,37,38
12,15,16,22,23,27,34
3,4,13,25,29,36,37
4,14,16,17,36,37,39
1,6,18,24,32,36,38
1,4,11,20,27,30,33
6,8,20,27,31,32,33
2,4,5,9,17,32,36
6,15,24,28,32,34,39
9,10,25,26,29,31,35
2,13,17,18,19,31,37
5,8,10,11,16,21,24
5,6,10,11,16,17,36
11,25,26,29,30,36,39
1,12,13,15,18,31,35
14,17,18,21,23,28,39
12,14,28,34,35,37,39
9,12,22,24,25,28,29
1,3,16,22,25,27,39
7,14,22,26,34,35,38
3,7,13,21,24,34,35
10,12,18,26,32,34,37
4,6,16,27,28,33,36
3,8,10,12,19,20,30
1,11,12,13,19,22,33
8,10,18,22,24,27,31
7,9,17,19,21,33,37
7,12,23,28,30,33,36
5,6,15,22,23,32,38
7,16,20,27,30,37,39
8,15,16,21,31,32,36
2,6,21,22,26,29,37
8,13,21,23,24,37,38
1,3,10,12,23,29,32
7,17,23,24,26,31,39
3,5,6,11,28,33,38
5,9,11,18,20,25,26
3,4,11,12,17,29,36
1,5,12,18,24,26,32
1,5,7,20,23,24,33
5,8,16,17,18,28,30
2,3,27,30,37,38,39
7,13,17,21,26,36,37
14,23,25,33,35,38,39
2,7,10,12,16,24,28
9,22,25,31,34,35,39
1,3,6,7,8,25,26
2,5,9,11,25,27,38
2,3,4,6,8,24,35
8,10,12,20,33,36,39
3,6,12,14,24,25,38
8,11,14,15,22,24,36
6,7,9,26,35,36,39
1,4,20,22,23,25,38
2,3,9,27,32,35,38
6,17,20,26,33,37,39
8,11,16,20,25,30,34
3,16,18,22,30,35,39
8,19,20,22,26,30,39
2,6,8,12,24,29,34
1,2,6,9,11,20,22
3,5,7,12,20,27,32
5,7,13,15,28,29,35
6,8,10,20,24,29,36
1,10,19,22,24,30,32
8,11,20,23,26,34,38
9,25,28,31,32,35,36
10,13,19,20,24,33,35
1,2,3,17,18,24,25
4,5,7,12,13,14,38
8,10,25,28,30,32,36
15,20,24,27,29,34,35
6,18,26,29,30,35,38
9,11,13,19,21,23,26
2,6,7,14,28,34,35
14,17,18,22,23,25,34
2,4,11,21,34,37,39
3,5,9,27,29,31,38
3,6,7,14,19,23,39
5,6,15,17,20,26,30
4,17,18,24,32,34,39
3,13,19,21,24,34,37
4,8,12,21,26,33,39
1,16,17,19,22,27,36
4,6,15,31,32,34,35
2,5,16,18,19,29,39
1,7,8,20,30,33,37
7,9,10,12,25,32,37
5,8,9,22,26,30,37
1,6,19,20,29,32,39
9,10,27,28,30,32,33
8,11,13,14,18,20,22
3,21,24,27,30,36,38
4,6,13,18,19,31,33
3,5,13,21,24,26,36
2,5,7,10,14,24,33
15,16,19,20,28,32,37
3,11,17,18,22,24,26
6,7,13,23,29,33,34
2,4,23,24,36,37,38
8,15,16,18,33,35,39
9,10,13,16,25,30,37
7,9,12,17,25,29,32
5,6,19,27,29,37,39
18,21,24,27,30,32,37
13,14,15,18,33,38,39
2,4,9,24,25,36,37
3,4,6,14,20,21,25
4,11,17,27,33,34,38
11,13,16,18,27,28,36
8,13,20,33,34,36,38
6,7,13,20,23,24,38
1,8,9,13,29,32,38
11,12,20,21,23,36,37
11,13,14,17,22,32,36
13,19,20,23,24,27,36
2,15,17,23,29,32,36
2,8,11,21,28,29,30
2,13,24,26,29,30,31
1,5,13,16,20,26,34
3,8,12,13,20,21,32
9,10,22,23,29,31,34
1,8,12,18,23,26,29
1,4,8,9,29,32,36
6,10,21,24,34,36,37
16,17,23,24,25,27,33
3,8,12,14,16,17,31
3,6,7,13,17,22,33
5,12,15,20,21,22,32
6,8,11,24,25,29,33
1,13,16,18,19,37,38
10,11,13,20,22,25,31
3,11,13,16,28,36,37
8,10,16,18,19,20,30
1,3,4,8,12,31,35
8,15,16,21,25,28,38
3,12,22,23,26,34,35
2,13,17,20,23,25,39
7,17,18,19,33,35,36
4,6,16,26,30,38,39
4,8,9,12,14,19,31
9,10,12,13,21,23,35
11,16,17,22,24,28,37
3,11,17,22,23,32,35
3,5,14,15,17,29,34
1,2,7,10,17,18,26
2,11,14,25,27,32,33
5,11,14,16,22,28,33
4,6,16,26,27,29,36
1,8,14,20,22,34,35
2,10,12,20,30,33,37
4,11,26,32,34,38,39
6,11,17,29,36,38,39
8,15,16,23,27,28,39
5,6,8,17,33,34,36
2,10,21,24,26,34,38
2,5,8,14,20,34,37
2,5,7,8,21,27,30
8,14,17,20,23,35,39
2,19,20,21,22,24,34
8,11,16,19,23,28,37
8,11,14,21,22,30,31
9,11,17,22,24,31,36
5,9,10,16,20,28,30
1,9,11,18,22,28,36
1,10,14,22,24,30,38
9,15,18,23,24,29,30
19,21,25,30,31,32,33
2,14,31,32,33,36,39
16,26,29,30,35,36,39
4,8,9,18,23,28,29
6,11,16,32,36,38,39
1,2,10,16,26,28,33
14,16,17,23,29,32,33
4,7,8,11,16,24,26
7,11,23,25,30,32,37
3,5,14,21,26,32,34
8,16,19,23,28,32,34
1,4,13,16,23,24,32
1,9,18,19,27,28,30
3,12,29,32,33,36,38
3,9,11,13,26,32,33
3,9,13,14,22,27,39
1,8,11,13,31,33,35
7,13,14,16,22,26,37
1,2,9,20,21,24,25
3,10,13,16,23,25,32
16,22,24,26,27,34,39
3,5,6,13,16,35,36
5,22,23,28,29,30,39
1,5,7,20,28,32,37
5,12,15,17,35,36,38
1,2,3,18,30,33,39
2,7,10,12,27,35,36
17,24,27,29,32,36,38
2,22,25,28,29,37,38
4,6,11,14,18,20,29
8,13,20,26,31,34,37
4,9,15,17,22,23,29
9,12,13,16,18,20,31
5,11,17,31,32,36,39
3,7,9,15,26,33,34
11,18,19,20,27,36,38
2,11,21,34,36,37,39
7,12,20,24,25,33,36
4,6,19,23,32,34,37
1,4,15,17,21,23,39
5,21,23,26,31,36,39
10,16,20,21,24,29,38
6,11,19,21,24,26,30
6,11,12,13,16,28,35
10,12,14,15,25,33,39
1,18,19,27,30,31,36
3,4,21,22,23,29,32
15,24,29,32,33,35,38
11,15,16,21,22,23,25
1,7,10,11,23,27,34
4,5,7,19,20,28,29
4,12,16,24,25,30,37
9,14,20,23,25,37,38
3,5,20,27,28,29,37
6,7,20,26,30,35,37
6,8,15,22,27,29,36
2,13,16,20,24,26,30
1,2,8,16,17,22,25
2,3,4,13,15,25,37
3,7,9,10,15,26,33
8,10,15,25,26,34,36
2,8,12,14,27,35,38
6,17,21,23,31,34,38
4,9,19,23,31,35,36
2,5,16,17,23,31,36
6,9,10,23,32,33,34
2,5,7,13,25,37,39
6,9,13,20,24,31,32
5,16,18,20,21,28,37
5,12,21,22,28,33,38
2,3,5,6,10,25,28
5,6,7,16,17,23,26
6,10,12,13,23,32,39
4,9,10,15,19,23,37
1,3,12,20,22,29,35
8,9,15,19,28,29,33
11,14,15,16,31,38,39
9,15,17,23,27,34,37
9,18,23,26,30,33,38
10,12,15,16,19,21,28
10,15,21,27,28,29,37
6,17,20,21,26,28,35
7,11,13,18,22,23,31
4,15,22,24,29,36,37
6,8,10,14,25,32,34
4,12,14,19,21,22,25
6,9,13,27,31,34,39
8,10,11,25,33,36,38
5,10,12,19,21,35,39
1,3,7,21,24,33,35
4,14,17,19,24,28,36
9,11,15,18,19,31,33
3,9,17,22,23,24,30
12,13,14,17,19,33,37
8,9,10,14,25,29,30
5,11,15,17,31,34,35
2,11,23,24,26,37,38
1,4,6,21,26,28,29
6,14,28,29,31,38,39
3,10,12,14,16,24,35
24,26,30,31,34,35,39
2,12,16,17,24,27,31
3,8,15,32,33,35,39
1,8,11,13,16,31,37
5,8,19,27,32,35,37
1,2,8,13,17,24,38
21,25,26,28,31,32,38
1,9,14,16,17,19,28
5,11,12,17,18,26,39
2,7,8,18,23,25,27
8,15,16,19,20,24,36
4,9,13,18,35,36,38
4,9,18,24,25,36,38
1,7,13,14,20,22,25
7,10,21,31,33,35,39
6,16,18,29,35,37,38
9,11,18,25,29,38,39
4,7,16,18,21,28,37
8,9,11,17,19,24,35
18,29,34,36,37,38,39
9,12,18,23,24,33,34
11,15,16,19,24,29,33
8,13,14,19,21,22,24
4,8,10,24,34,37,39
9,13,16,20,24,33,39
3,4,10,11,13,15,22
7,8,15,25,26,28,33
7,13,20,22,23,25,34
8,9,19,23,25,28,33
5,13,23,25,28,31,39
5,12,14,16,21,26,38
2,5,12,20,22,23,28
6,13,24,26,27,30,38
2,12,16,26,29,33,34
4,6,14,19,25,28,37
3,5,18,26,29,34,37
4,7,8,14,26,32,33
1,2,11,24,27,32,39
8,14,16,29,32,36,39
5,15,19,22,27,30,35
3,4,10,21,23,25,35
4,7,16,18,19,21,23
2,3,18,22,24,29,38
1,2,10,27,28,36,39
4,7,10,15,31,33,35
1,14,16,19,22,27,32
3,4,6,21,23,24,32
4,5,13,18,19,25,28
7,11,15,21,26,33,36
12,16,17,19,22,35,39
1,5,6,15,21,27,36
7,11,17,18,23,34,39
8,10,19,20,27,29,39
12,16,26,28,33,35,36
6,12,14,15,19,27,30
12,16,17,20,26,29,34
2,7,17,24,25,28,38
9,12,31,32,35,37,38
7,8,12,18,23,25,35
3,6,11,21,22,32,38
5,7,17,26,27,28,32
2,3,5,6,11,22,24
1,4,18,22,30,38,39
4,5,20,22,24,31,37
7,14,15,16,24,28,31
3,4,6,8,10,29,34
1,6,7,8,13,31,35
5,7,13,18,19,30,36
2,4,7,13,20,26,34
3,10,11,25,33,36,37
2,12,13,17,22,30,35
8,18,21,23,29,30,31
1,7,8,13,21,23,37
13,19,25,32,34,35,37
4,7,13,14,19,27,39
3,5,19,21,25,37,39
7,8,16,18,22,26,31
3,13,20,22,27,31,34
4,8,15,21,22,23,34
9,16,20,23,24,38,39
4,15,19,22,26,29,39
12,23,27,30,32,33,36
11,12,16,22,24,29,33
2,5,8,16,22,23,33
5,15,19,22,29,33,34
4,5,17,21,33,38,39
8,13,18,21,25,34,36
1,6,8,10,14,16,39
1,8,15,19,28,29,30
5,22,26,27,30,35,39
7,8,12,21,23,26,37
1,11,19,25,27,28,31
11,18,20,32,33,34,38
8,10,13,22,28,38,39
7,11,12,21,23,26,29
6,7,14,15,21,24,36
16,26,27,30,31,32,34
8,13,18,23,24,32,37
3,7,12,16,22,24,31
2,8,13,22,28,37,38
3,6,16,25,29,36,37
9,14,18,23,31,32,38
7,9,11,18,24,27,32
12,19,25,27,30,35,39
1,5,19,22,24,26,37
10,15,21,22,30,32,35
1,5,11,12,22,31,36
1,6,23,26,29,30,38
7,8,9,17,19,23,33
7,12,16,25,28,35,39
3,18,22,23,34,35,36
12,13,20,25,27,34,35
21,23,25,32,33,35,36
11,14,20,22,24,26,33
5,15,18,20,26,29,38
2,5,9,12,19,28,30
1,3,5,8,10,37,38
3,5,11,16,28,38,39
8,9,13,18,22,26,33
7,11,14,16,21,22,31
10,12,15,19,20,25,32
13,17,20,23,25,27,30
12,19,21,26,28,33,39
2,11,15,17,23,25,26
7,13,14,24,25,31,36
2,3,5,12,15,17,25
5,12,16,20,21,33,34
3,4,10,20,22,25,37
2,3,11,16,24,33,34
4,8,10,12,20,24,27
1,5,7,9,16,23,32
3,13,17,20,21,31,33
22,23,27,29,34,35,37
2,6,10,17,27,30,35
2,8,14,29,32,33,35
12,17,19,20,24,29,34
4,8,15,30,32,33,38
5,7,8,14,21,31,38
2,12,14,19,23,35,37
5,10,16,23,29,35,39
13,23,25,29,32,34,37
1,13,22,23,29,33,34
1,4,24,25,26,33,36
9,11,16,22,24,26,34
3,13,22,24,27,32,36
8,14,21,24,29,30,32
2,15,19,29,32,35,36
6,12,13,18,21,26,30
1,2,5,10,28,31,38
7,13,17,18,23,34,38
1,3,14,16,18,21,39
6,16,17,26,33,34,36
1,7,12,17,18,23,39
9,13,15,18,29,31,38
2,16,22,23,28,32,39
1,4,6,8,12,24,29
1,15,17,25,27,29,31
5,11,16,19,22,33,36
1,2,20,24,27,30,38
8,9,10,12,22,32,33
5,7,14,16,26,33,34
8,9,11,15,18,29,37
6,8,11,18,22,33,36
5,15,19,26,29,32,34
10,21,23,27,30,32,39
16,18,21,25,31,36,38
1,3,16,26,27,29,33
3,9,24,25,26,27,36
5,14,17,23,27,31,34
6,8,13,15,25,33,37
9,10,13,17,21,27,33
4,7,17,18,29,32,38
1,5,16,23,31,35,37
7,18,19,20,21,34,38
7,14,15,20,28,30,36
4,5,23,25,35,37,38
4,6,8,16,24,30,38
3,11,16,17,19,20,32
1,8,16,23,29,30,36
4,11,14,15,21,26,35
3,25,29,31,34,38,39
3,14,15,16,17,22,37
1,11,12,20,23,26,33
4,5,11,18,22,33,37
9,10,13,26,29,36,38
8,14,23,28,29,37,39
5,6,9,11,13,19,30
1,10,19,26,29,35,39
10,12,14,15,20,23,24
8,9,11,14,25,37,38
9,13,22,28,29,36,39
1,5,19,22,23,28,30
3,12,15,16,18,19,30
3,8,11,16,18,25,26
3,8,11,16,25,30,39
3,7,11,13,18,25,36
2,3,8,17,18,27,31
5,6,27,29,30,31,36
6,7,8,9,30,35,39
9,14,21,30,34,38,39
2,11,14,25,32,37,38
1,10,11,25,31,32,36
6,14,16,19,24,29,30
6,9,14,18,31,34,38
3,12,25,28,31,32,36
12,13,24,26,32,38,39
13,15,21,22,31,33,37
4,7,9,12,27,31,39
4,9,10,18,20,32,36
1,6,9,17,24,25,34
4,12,26,32,34,38,39
6,11,21,25,28,30,34
19,23,24,25,26,27,33
4,7,8,10,20,27,30
3,11,12,15,18,31,37
2,9,12,14,24,29,36
3,5,7,9,17,28,33
9,11,12,23,24,26,30
2,9,24,28,33,35,36
6,14,16,18,24,32,37
2,20,27,28,31,32,38
1,3,4,6,14,29,37
5,7,8,18,23,24,34
4,7,15,22,23,25,31
5,13,18,20,21,24,25
5,11,12,26,32,33,38
1,20,21,23,26,27,38
18,19,24,27,29,33,36
10,15,16,22,30,35,39
9,13,19,21,22,30,38
5,13,17,18,21,28,38
7,11,20,25,31,35,37
2,7,11,15,17,24,38
1,7,8,13,28,34,36
1,10,18,20,25,31,32
3,13,20,22,27,35,38
5,7,8,12,19,24,31
5,9,10,18,25,26,30
1,6,9,11,20,27,36
5,13,17,18,33,37,39
5,9,19,20,21,22,36
7,9,16,21,27,30,31
5,12,17,21,27,38,39
5,15,20,23,25,26,36
6,16,18,21,24,28,39
5,10,12,15,17,26,37
1,7,10,19,26,33,36
9,14,23,29,30,32,37
6,9,22,24,25,34,35
1,13,17,19,22,33,37
8,9,13,17,27,31,38
4,16,17,19,28,31,37
5,11,15,23,27,30,35
5,8,11,12,13,26,27
2,7,10,12,19,30,32
4,5,10,16,21,22,23
7,10,12,24,27,35,39
2,5,6,32,34,36,39
1,8,10,11,12,13,26
12,16,21,27,29,35,39
17,18,20,24,32,33,34
3,7,11,21,27,28,30
2,4,6,11,15,22,23
6,14,17,21,27,30,36
2,13,17,20,22,27,37
10,19,22,25,31,37,38
1,2,6,7,20,21,26
4,6,13,16,18,31,36
3,8,30,31,32,37,38
2,11,16,17,24,25,35
4,7,12,13,23,24,36
9,20,22,27,31,34,38
6,18,19,23,25,29,32
5,16,20,21,28,29,30
3,4,5,6,13,15,27
5,7,10,16,18,22,23
2,20,23,25,34,38,39
3,5,11,16,19,26,32
6,10,11,14,16,29,35
13,16,20,22,24,35,37
4,7,11,19,34,36,37
6,8,9,11,16,32,36
1,4,6,31,32,34,35
8,19,20,25,30,35,36
9,12,17,21,28,31,34
3,8,14,17,21,28,38
1,11,21,26,27,28,38
1,4,12,13,17,24,34
2,8,10,13,25,26,39
6,10,15,17,22,32,39
8,13,18,22,27,32,34
6,10,20,29,30,35,39
5,8,13,24,28,33,35
2,10,11,18,19,32,34
7,14,18,23,24,25,29
5,9,10,12,21,34,39
1,5,9,15,17,25,28
6,7,12,25,26,28,35
10,22,29,34,35,37,39
4,8,12,13,18,26,29
4,5,8,17,19,22,30
8,15,16,19,22,29,30
4,8,20,24,32,34,35
1,20,24,26,34,35,39
9,11,16,21,26,33,37
2,5,16,19,20,32,36
9,10,14,17,21,26,38
3,11,17,24,29,33,39
1,13,16,24,28,36,38
1,10,24,25,27,33,34
3,6,8,9,16,19,32
11,12,13,16,24,28,30
3,5,9,10,13,22,38
3,6,8,17,29,30,38
4,5,7,18,29,30,31
13,18,23,29,30,32,39
4,7,9,17,32,38,39
3,11,23,25,30,31,36
7,9,10,13,16,27,32
2,8,16,33,34,35,36
2,7,9,11,17,30,34
9,15,20,27,31,32,39
8,9,12,13,20,29,32
2,7,17,18,24,37,39
2,7,9,11,12,20,25
1,3,4,12,15,33,39
7,9,16,25,29,30,35
9,12,17,19,30,33,39
1,7,14,15,18,24,34
3,4,9,10,13,26,37
2,3,4,24,27,33,34
7,12,18,25,28,32,39
1,10,14,15,16,20,22
1,15,18,21,23,25,39
2,3,5,10,16,31,32
2,3,6,12,30,35,36
3,7,10,19,23,34,38
6,8,12,16,17,24,27
3,11,18,22,28,34,36
1,3,7,8,31,36,37
5,13,16,25,27,32,34
3,12,16,17,25,30,36
14,15,17,20,31,37,39
2,7,19,20,25,33,37
4,10,12,17,21,24,31
11,15,16,18,27,34,35
3,6,8,22,30,37,38
1,4,11,14,34,36,38
19,23,27,28,29,34,39
7,10,12,13,23,28,38
2,15,18,24,34,35,39
1,10,14,18,21,23,36
3,10,15,18,26,28,34
2,10,22,29,30,33,39
2,5,7,12,17,18,34
6,8,19,20,21,25,29
3,7,8,27,31,38,39
14,23,29,30,31,36,38
3,6,11,22,27,29,39
2,3,12,13,16,20,37
1,2,3,6,23,27,28
2,5,12,21,33,34,38
3,5,28,30,32,34,37
4,10,21,22,28,33,38
2,9,13,15,20,31,38
2,7,18,28,33,34,37
1,7,12,22,25,31,35
1,6,11,14,25,27,30
9,13,16,19,26,28,29
2,9,14,17,18,20,36
17,20,24,30,31,35,37
3,5,18,21,29,33,39
6,7,8,12,23,27,35
3,10,13,20,26,29,39
11,14,20,26,29,30,38
4,12,21,26,27,32,35
7,8,15,23,26,33,34
5,6,7,9,26,35,37
5,6,16,23,28,34,35
4,7,8,11,18,23,31
4,10,16,18,19,34,35
14,24,30,31,32,33,38
8,20,21,26,27,30,31
3,8,15,18,26,29,37
3,6,22,23,29,31,35
11,13,25,27,30,32,35
17,21,22,23,25,31,35
13,17,22,25,33,37,38
2,5,9,11,22,30,38
8,14,23,27,31,33,36
15,17,29,31,34,37,39
13,14,16,21,24,31,32
6,11,19,20,21,25,36
2,8,17,30,31,36,38
2,13,14,22,28,30,32
3,8,11,16,30,33,37
23,25,26,30,31,35,39
3,7,8,29,30,34,38
1,8,16,21,23,24,36
5,6,15,21,35,38,39
11,18,19,23,32,35,36
2,9,16,17,31,32,35
1,11,18,25,32,33,39
4,8,9,14,18,25,37
6,9,17,19,23,28,32
2,5,9,17,21,24,26
5,23,25,27,30,33,35
4,7,8,13,16,31,34
2,10,17,18,34,38,39
3,5,20,21,22,24,27
10,15,18,20,23,24,30
2,10,13,14,24,28,29
5,7,12,20,21,27,36
3,5,12,13,16,18,28
13,14,23,24,30,32,35
1,14,18,24,27,33,37
3,15,20,25,26,30,32
3,6,10,26,30,32,35
9,19,28,31,33,34,38
6,7,10,15,19,21,32
11,23,25,26,27,34,38
7,15,18,21,24,34,35
8,16,24,26,29,31,34
7,8,13,21,30,33,39
4,9,17,26,27,28,29
6,10,13,22,30,33,39
12,16,20,22,23,31,38
5,15,20,22,32,36,39
1,3,10,33,35,38,39
3,10,17,21,30,32,37
4,29,30,31,34,37,38
1,3,6,10,12,13,19
6,7,15,24,29,30,37
6,12,16,21,28,37,39
8,19,27,33,34,35,38
2,3,12,17,25,30,38
2,6,13,15,25,34,37
7,12,24,29,33,37,38
19,23,24,26,33,36,39
7,12,13,16,21,24,34
5,6,21,22,23,33,35
4,11,14,24,26,33,37
3,16,24,26,27,30,33
3,6,9,18,19,30,37
6,7,11,20,28,29,39
1,4,8,13,16,25,35
2,11,12,15,17,30,31
2,4,16,20,24,27,29
14,17,21,25,31,34,39
10,14,16,21,24,30,39
2,13,14,19,21,29,34
3,7,12,16,17,24,36
1,2,12,17,19,28,32
8,15,18,24,26,29,36
1,7,14,15,19,31,34
19,22,26,28,32,35,38
3,6,18,19,26,29,35
3,5,8,10,12,24,26
13,15,23,26,31,34,35
3,4,9,12,14,16,25
8,9,21,26,33,34,36
4,6,22,23,29,31,32
8,12,15,16,20,35,38
9,11,20,28,29,33,38
1,4,6,11,17,31,34
3,13,14,17,27,35,38
8,14,20,26,27,28,30
4,14,17,21,29,38,39
3,23,31,33,35,38,39
1,2,10,11,23,33,34
5,6,21,24,27,32,36
2,6,25,31,32,33,35
13,26,27,33,34,35,37
8,12,16,20,26,34,39
4,14,22,24,29,34,39
6,8,15,21,23,36,37
3,11,19,21,22,25,32
6,8,10,14,18,25,27
1,4,9,13,21,22,32
6,7,12,23,26,32,37
4,7,13,14,15,34,35
3,5,9,15,16,21,31
6,12,13,22,26,29,39
1,6,12,23,31,35,37
1,13,15,23,34,37,39
3,7,13,16,17,23,32
2,9,11,22,25,28,36
9,12,16,19,22,34,37
5,16,17,22,24,33,35
2,5,7,11,27,33,38
8,11,22,23,25,26,39
8,12,16,20,31,32,35
9,22,28,35,36,37,39
6,16,20,25,28,33,37
1,8,17,19,21,28,34
1,8,24,25,28,36,38
7,10,21,23,24,32,33
10,14,15,17,20,21,39
3,6,8,13,21,27,34
3,4,7,9,14,19,31
4,10,11,12,18,20,27
4,8,12,17,21,22,35
10,12,19,33,34,36,38
12,15,17,19,27,31,38
8,9,17,23,24,27,39
1,5,8,26,28,37,38
6,11,20,29,32,33,35
4,8,25,26,32,37,38
4,8,9,15,23,27,31
8,10,16,21,29,37,39
13,17,30,31,35,36,37
1,2,18,24,25,35,36
5,8,15,28,29,30,33
10,11,17,29,33,34,39
9,10,11,13,18,23,25
3,4,8,11,13,18,38
3,14,17,24,31,32,36
6,7,9,10,13,22,25
8,12,13,21,27,32,34
6,11,24,29,30,36,37
6,7,8,19,24,26,34
5,12,13,16,19,24,37
1,2,5,7,12,28,35
12,17,18,19,23,35,37
1,7,14,28,30,32,35
2,3,5,10,14,23,30
3,4,15,20,30,32,33
3,7,10,23,26,37,39
14,15,16,25,26,31,35
10,18,21,28,29,30,34
2,7,9,11,12,15,25
2,4,9,21,22,23,39
2,9,13,17,33,34,37
2,4,5,6,10,31,39
5,12,15,16,18,32,34
4,9,13,17,29,35,38
4,12,13,15,20,27,39
3,11,16,23,25,29,30
1,2,5,17,24,36,39
18,21,22,25,28,30,31
9,12,18,26,29,34,36
8,11,12,15,29,30,37
12,20,25,28,31,32,34
5,13,15,21,22,28,34
5,8,11,23,25,34,35
2,5,10,12,27,35,37
6,20,26,29,35,37,39
13,20,21,28,29,34,38
7,12,19,20,26,30,37
3,7,9,17,30,34,38
7,19,21,24,27,31,34
4,11,16,17,20,25,34
9,23,25,30,32,33,38
3,8,15,17,22,23,35
3,10,14,16,30,35,38
6,17,19,23,29,31,37
13,14,19,23,30,31,35
2,5,11,22,26,29,35
8,13,24,25,31,32,39
4,5,10,13,25,37,38
3,4,15,20,33,36,38
1,2,12,16,18,33,36
1,4,21,23,27,29,35
11,13,21,27,36,37,39
10,15,16,21,28,34,35
1,2,20,28,31,37,39
3,16,17,18,20,26,38
2,6,21,26,32,37,38
10,11,15,17,18,30,36
19,21,23,32,34,35,37
2,8,9,16,18,28,33
1,2,6,17,18,33,38
3,6,18,21,23,28,34
1,8,14,18,21,33,38
7,8,10,11,19,23,25
2,10,13,15,18,21,38
3,8,10,13,15,26,34
4,6,10,14,22,24,39
8,18,19,28,36,37,39
1,3,15,18,28,32,36
5,9,17,26,31,35,39
4,15,18,20,31,33,39
2,5,13,15,29,37,38
6,16,19,24,25,27,33
10,17,24,32,33,36,38
5,6,14,24,26,34,36
6,12,13,22,24,31,38
3,13,19,20,22,28,38
2,13,14,22,31,33,34
6,16,18,24,25,32,36
1,2,4,15,17,24,25
4,7,16,26,29,32,36
1,5,21,22,24,26,37
4,6,8,10,26,27,38
7,10,15,27,31,35,39
4,14,23,26,27,32,35
13,16,25,27,30,31,36
2,9,11,12,14,33,34
13,18,25,31,36,37,39
2,9,14,18,29,33,38
3,11,12,16,20,30,32
2,8,14,16,22,23,30
1,15,20,28,34,36,37
2,4,12,18,19,29,31
8,16,17,31,34,35,36
2,6,9,10,11,14,31
5,6,8,26,32,33,36
1,11,21,30,32,37,38
5,6,8,15,21,33,34
19,25,26,32,33,34,36
3,6,7,10,13,25,36
4,10,14,32,33,35,38
2,8,11,13,15,19,28
1,5,7,24,25,26,39
4,13,16,21,22,26,28
1,8,12,22,23,25,30
7,15,19,21,24,26,31
3,4,7,22,26,27,33
9,15,19,25,32,34,38
9,11,22,26,34,36,37
6,7,12,26,27,32,33
1,13,19,31,33,35,39
3,7,19,21,23,31,35
2,5,10,13,18,19,25
1,2,4,8,10,24,26
4,9,16,30,36,37,39
12,13,20,21,30,31,39
2,16,25,32,34,37,39
2,16,21,22,24,28,38
5,6,12,13,24,36,39
10,11,24,28,29,35,36
8,11,14,24,26,28,33
4,16,18,20,21,23,25
3,6,9,11,12,16,33
3,5,19,20,31,34,37
1,2,11,13,16,20,25
3,8,9,20,28,33,35
6,9,22,29,32,33,39
16,21,22,24,35,38,39
2,4,5,11,26,28,33
3,10,17,20,23,24,32
7,10,15,17,23,29,35
9,10,23,24,32,35,36
1,5,6,13,19,32,38
3,10,25,26,30,32,38
7,8,11,14,34,35,37
4,10,12,24,25,28,36
4,7,11,14,22,27,36
4,9,10,12,14,29,34
3,7,9,13,14,22,28
9,14,15,21,27,33,36
2,3,7,13,18,29,39
18,20,22,24,28,32,33
1,3,7,11,18,23,37
3,8,10,21,33,34,35
8,9,18,25,27,28,36
9,11,12,15,21,22,26
1,2,4,8,13,14,26
1,8,19,25,26,27,28
3,8,11,20,24,28,38
1,5,10,14,25,31,36
9,15,17,20,25,26,39
2,6,8,9,19,31,32
5,9,14,18,22,23,25
2,3,19,22,29,31,39
4,7,11,17,26,34,35
7,11,16,17,22,28,30
1,7,8,24,25,32,39
7,17,19,21,25,31,32
6,11,19,28,30,31,34
12,14,21,24,29,30,39
1,9,21,26,29,33,39
2,4,5,7,8,31,33
10,16,19,23,27,35,37
3,8,12,14,20,36,37
1,7,13,18,20,21,39
1,4,13,15,16,18,33
2,3,14,19,26,31,36
11,15,20,25,26,27,28
3,18,21,22,25,37,39
5,11,13,17,25,29,35
11,13,20,23,29,32,36
5,13,19,21,28,33,34
2,5,8,10,11,16,34
10,16,22,31,34,36,38
10,23,25,26,29,31,34
1,8,18,23,28,34,35
4,5,15,23,28,32,38
3,4,7,18,25,36,37
1,8,9,15,16,19,37
1,6,10,20,22,29,39
3,14,15,20,24,32,34
3,5,6,14,19,25,34
1,3,4,5,8,12,34
2,4,9,11,16,27,39
2,8,17,18,28,33,35
11,15,16,21,25,33,35
8,9,24,27,28,29,37
8,11,12,14,17,19,20
4,7,12,24,27,36,38
2,13,17,19,36,38,39
4,13,23,25,26,32,34
5,6,14,29,35,37,39
10,12,17,28,30,32,39
5,10,15,20,23,31,38
3,5,6,8,22,23,30
8,10,15,19,21,28,29
3,7,9,12,15,27,38
1,2,8,15,22,28,38
1,2,6,18,21,28,37
4,6,12,13,17,20,24
2,7,14,22,23,27,37
1,7,23,26,31,33,39
5,6,12,17,35,36,37
1,13,17,20,24,29,35
1,3,8,29,31,34,37
1,5,6,10,11,21,29
1,6,9,20,23,31,39
1,2,5,12,27,29,34
1,9,10,22,29,31,37
10,11,14,21,25,28,37
1,13,16,21,24,27,35
2,3,7,12,17,24,35
4,11,16,18,27,28,31
2,4,8,9,15,22,25
1,21,26,27,30,31,35
1,2,9,27,28,32,33
6,14,25,27,30,34,38
5,12,15,18,32,35,39
13,15,19,23,27,33,39
18,25,29,31,32,34,36
1,26,30,31,35,38,39
4,8,14,17,23,30,39
4,10,18,19,20,22,27
1,5,7,14,18,37,39
2,17,25,26,27,31,33
2,3,5,7,23,37,38
8,13,19,27,29,35,38
1,9,16,19,22,26,28
1,8,12,17,25,30,35
9,10,17,22,26,32,38
14,15,23,28,29,32,34
20,31,32,34,36,37,39
7,16,19,31,33,34,35
15,18,20,22,27,30,33
4,7,8,9,14,19,27
2,8,13,15,16,19,26
7,10,13,15,25,27,37
3,4,15,25,31,35,38
6,8,9,12,15,18,21
2,14,18,25,28,31,36
12,23,24,25,27,37,38
1,2,6,12,24,32,36
1,19,23,25,29,36,39
1,3,6,7,11,14,34
3,5,7,10,24,28,36
2,6,10,17,22,30,34
8,11,28,31,32,33,34
2,6,16,17,28,37,38
4,9,11,14,32,36,37
2,3,4,6,28,35,39
4,6,13,18,23,33,37
4,18,20,28,30,32,37
12,15,19,20,21,27,36
4,14,19,26,29,30,38
3,4,5,8,10,14,37
5,19,20,29,32,34,38
2,4,10,19,22,33,35
4,5,7,12,19,20,34
2,7,17,20,21,25,32
9,15,17,19,31,36,39
3,4,8,15,18,26,29
3,6,19,22,24,26,30
4,10,11,18,25,31,36
5,9,13,21,22,29,38
11,13,18,19,20,22,26
2,5,7,8,23,29,39
4,7,13,20,21,34,38
2,4,6,21,32,33,38
15,20,24,28,33,37,39
6,7,9,12,23,29,36
2,3,10,11,19,20,24
2,6,7,9,10,25,35
2,12,20,22,28,32,39
6,8,14,15,29,31,32
1,2,5,7,26,34,35
11,15,19,24,27,30,31
7,8,13,16,19,24,26
8,13,26,27,29,31,38
1,11,12,15,22,32,33
10,16,17,29,31,32,39
5,8,18,20,24,27,39
2,5,14,28,29,30,36
5,6,13,16,17,25,37
8,16,19,20,25,29,33
15,16,17,18,22,33,38
20,26,27,32,36,37,38
11,16,24,29,31,32,36
2,7,8,17,24,31,39
16,19,20,28,29,34,39
6,8,13,15,23,26,34
12,14,20,21,22,29,38
2,7,11,12,19,34,37
4,9,28,29,32,34,35
11,14,21,32,35,38,39
17,22,23,26,27,29,37
1,3,10,15,16,18,38
11,15,19,23,28,32,33
1,7,16,29,32,33,37
4,5,9,18,20,30,39
3,4,5,9,23,35,38
2,5,15,16,22,23,31
5,9,18,22,24,30,39
9,27,28,29,32,35,38
7,8,10,11,26,31,35
1,2,4,10,19,20,33
9,15,16,22,28,35,36
4,5,8,11,15,24,29
5,15,18,19,25,33,35
5,8,11,16,21,30,33
4,8,9,12,14,20,28
6,10,19,23,24,30,32
4,10,20,23,24,25,30
5,18,19,24,27,35,37
7,10,12,19,25,26,32
5,9,11,14,21,22,25
6,13,14,15,17,20,29
8,9,10,11,18,33,37
6,11,19,22,24,25,39
2,6,7,12,23,32,39
3,11,13,14,17,18,28
1,2,15,22,30,31,37
7,12,14,19,24,25,29
3,4,5,7,11,19,38
5,7,11,22,30,32,39
4,11,20,22,26,32,39
1,13,16,27,28,32,38
6,8,9,10,21,26,34
9,12,25,26,30,31,32
12,15,23,25,27,33,39
1,2,13,15,16,23,31
6,7,10,15,27,37,38
7,12,13,20,23,33,39
2,10,18,29,33,36,37
4,19,23,30,34,35,36
4,9,10,12,24,34,38
2,6,8,27,31,33,34
1,12,17,18,32,33,38
2,8,14,19,21,24,30
3,15,20,23,28,31,33
2,10,27,30,32,33,39
3,13,18,24,27,30,33
2,3,5,7,8,11,16
7,17,22,28,29,36,39
7,10,21,22,25,26,32
5,6,8,11,14,20,33
1,7,10,20,23,26,30
8,10,11,14,29,36,39
13,14,18,26,30,36,39
8,11,16,31,32,33,36
1,7,12,28,32,33,38
1,11,12,19,28,36,39
3,13,24,31,37,38,39
2,3,4,18,19,26,27
6,19,21,22,27,33,37
2,10,13,18,22,24,35
3,18,20,23,25,28,29
1,12,13,14,21,26,29
1,11,18,21,26,32,37
2,10,20,21,30,31,37
1,4,8,13,19,22,32
4,10,12,15,20,26,34
4,9,11,20,23,28,32
1,3,5,13,20,26,29
2,3,17,20,23,25,34
8,10,14,24,28,35,37
5,12,13,14,26,31,33
3,10,11,12,14,35,37
8,14,18,23,24,28,37
4,5,6,9,21,26,29
2,5,14,20,22,25,34
11,14,19,31,34,36,38
1,2,4,12,15,34,37
2,5,11,12,18,36,39
9,13,14,21,23,30,31
6,11,20,21,28,31,39
2,8,10,14,22,25,34
10,21,22,25,28,34,38
9,13,24,29,32,35,37
8,9,16,26,31,35,38
4,5,14,18,24,37,38
2,4,10,12,28,35,37
3,6,13,18,21,32,38
11,12,14,17,20,28,37
6,10,13,19,31,33,36
3,5,10,14,22,27,32
1,2,13,14,25,33,34
2,5,7,13,16,19,20
5,8,10,21,28,29,38
5,6,13,22,29,37,39
3,10,11,17,18,25,27
6,13,16,21,24,33,37
5,8,9,21,33,34,38
1,9,10,19,21,28,34
9,11,12,18,20,26,35
12,21,23,25,28,29,30
10,13,15,20,21,25,35
10,11,20,23,26,28,37
1,8,17,21,22,27,34
3,18,20,27,30,32,38
10,13,17,18,21,29,37
4,7,9,11,21,23,35
5,8,12,17,19,21,37
6,19,20,22,30,32,39
2,15,18,24,27,34,35
3,7,10,16,19,25,30
1,7,19,20,25,37,39
4,9,11,14,17,26,37
4,10,12,14,23,25,27
2,5,10,11,13,26,35
6,16,22,27,31,32,39
2,7,8,19,22,28,34
1,6,8,20,28,29,37
8,17,23,24,26,27,39
9,10,13,19,23,29,35
2,5,11,17,20,24,39
7,10,19,24,28,31,38
7,9,14,21,27,34,38
5,12,16,27,32,38,39
1,8,14,20,23,31,33
1,5,23,28,30,36,37
7,9,17,18,28,32,35
4,9,11,17,19,26,29
2,8,10,16,27,35,36
15,17,24,26,33,36,39
5,9,16,18,21,31,35
3,14,15,16,26,27,36
2,12,15,16,19,21,27
9,15,20,23,24,29,33
2,5,11,13,27,33,34
1,4,5,17,18,19,39
2,5,7,18,20,25,36
3,8,11,24,27,28,29
10,14,23,25,29,31,36
6,11,19,30,32,34,36
1,5,16,18,23,32,38
1,3,11,12,15,16,36
4,7,11,12,21,22,36
1,4,7,12,22,24,39
1,9,13,22,32,33,38
1,2,13,15,29,35,36
1,2,6,7,8,18,23
7,10,14,15,28,29,38
1,2,5,13,15,22,37
2,6,9,16,22,33,37
2,12,13,20,23,31,35
4,5,10,11,23,31,39
3,11,15,16,20,28,37
6,11,14,23,28,34,35
10,16,18,25,26,30,38
8,10,11,13,17,23,25
3,5,17,21,24,30,36
16,19,24,27,28,30,33
16,22,25,27,31,32,37
2,7,13,16,20,31,38
2,4,12,16,27,30,31
1,11,26,29,30,35,39
10,18,26,27,31,35,38
7,9,12,24,27,28,30
2,5,6,9,11,21,30
4,10,21,22,23,35,37
3,8,13,14,16,29,32
5,10,12,16,20,21,24
2,6,11,17,30,35,39
9,20,22,31,32,33,38
2,18,22,24,35,36,37
8,16,27,31,32,35,37
4,9,16,23,29,30,38
3,5,9,16,21,27,33
8,19,20,21,28,32,39
3,10,18,20,22,34,38
2,3,24,26,32,33,37
6,8,14,17,23,26,35
2,5,10,14,18,23,37
4,19,23,33,34,36,38
2,12,14,15,17,20,23
6,10,11,19,21,29,30
7,10,12,14,20,26,39
6,9,20,23,34,36,37
9,18,21,22,35,36,37
8,9,11,25,26,28,34
1,4,12,15,21,25,32
1,9,16,24,29,32,39
1,2,5,18,21,36,38
5,6,7,8,14,21,28
1,4,15,28,33,37,39
6,7,10,17,25,38,39
6,7,8,20,22,32,36
13,14,28,30,31,37,39
2,10,18,22,25,30,34
7,10,12,16,21,22,33
11,12,15,17,34,35,39
2,11,13,14,22,31,37
1,12,15,18,28,30,32
7,12,17,21,31,32,38
11,17,21,24,29,31,36
2,8,9,11,20,23,36
3,17,24,25,29,31,36
6,23,26,29,30,34,35
3,4,13,17,26,32,34
3,7,8,13,18,28,36
3,11,12,18,28,29,31
14,15,18,20,21,26,35
4,5,13,17,19,28,29
10,13,21,29,32,35,36
4,5,14,22,29,33,35
9,13,14,26,31,38,39
1,3,11,21,23,25,31
7,10,23,25,31,32,39
6,11,14,18,22,30,36
2,10,12,30,36,37,39
1,5,22,24,26,28,39
17,25,27,31,32,36,37
5,7,14,15,25,31,33
3,5,7,12,19,33,39
2,5,6,10,16,19,20
14,16,19,23,26,31,36
3,5,10,11,22,23,26
2,7,10,14,23,26,32
7,11,13,19,21,28,36
8,14,18,20,22,25,30
8,15,16,18,25,26,32
1,7,17,20,22,30,38
2,3,16,18,28,33,34
3,7,10,20,26,34,39
2,6,14,22,26,31,35
1,2,6,8,19,28,32
2,5,12,20,31,34,38
7,9,15,16,18,19,31
4,10,18,21,24,28,33
2,5,9,15,25,29,38
1,5,6,18,21,31,33
6,12,13,17,27,28,39
7,10,12,13,17,31,32
12,15,16,19,22,36,38
9,12,15,21,30,31,32
3,7,15,18,26,27,28
5,8,10,11,14,33,35
1,2,4,6,13,32,37
2,3,4,7,9,21,37
2,12,19,25,34,36,39
4,10,22,25,29,35,37
2,4,9,17,27,30,36
4,21,23,25,29,31,39
8,16,18,20,24,35,36
1,2,6,9,34,38,39
2,8,12,13,14,15,16
9,11,15,27,29,30,38
7,11,14,23,26,33,34
5,12,14,25,37,38,39
1,4,14,15,17,24,34
13,16,17,26,28,31,38
1,6,10,23,24,27,28
2,8,21,23,33,36,37
1,2,7,15,25,31,33
1,2,4,7,24,30,37
3,6,18,21,31,34,39
7,9,26,30,33,38,39
3,8,11,12,17,37,38
4,12,16,18,21,25,28
2,4,8,13,23,28,30
2,5,27,30,33,34,39
7,10,22,27,29,34,38
2,8,15,17,18,35,39
2,5,6,9,19,23,37
1,8,10,13,19,30,36
5,9,14,22,27,28,36
2,10,19,28,30,34,36
1,8,21,24,34,38,39
9,17,26,30,31,33,39
7,15,18,26,32,37,38
7,9,18,23,29,31,34
7,10,13,21,27,36,37
2,4,6,19,26,30,32
1,9,13,16,22,37,39
3,4,5,6,20,26,33
3,11,17,21,27,34,37
7,10,12,14,18,22,39
9,15,18,23,27,33,37
1,10,13,22,25,26,39
2,3,5,9,20,29,31
1,7,29,30,34,35,38
4,6,22,27,28,37,39
1,12,13,19,28,29,32
8,15,20,22,26,27,34
2,14,17,29,33,34,39
9,12,13,17,19,22,34
3,7,8,9,15,32,35
1,5,7,13,14,23,28
7,18,23,29,33,34,35
9,13,16,21,24,37,38
3,11,12,20,26,29,34
6,16,17,21,22,37,38
7,11,16,29,31,35,39
7,12,15,24,35,36,39
8,10,13,17,20,28,33
6,8,9,17,20,34,37
14,16,18,23,26,37,39
2,18,21,23,25,28,34
5,11,18,19,30,32,37
2,4,11,15,26,35,37
3,6,12,16,20,24,36
5,6,7,23,25,29,37
7,8,11,23,29,33,34
5,6,13,30,33,37,39
4,5,18,26,30,33,36
3,5,8,21,23,26,35
3,9,25,28,30,37,39
3,10,12,18,22,28,32
7,10,14,16,17,21,34
2,14,15,18,29,31,38
16,22,23,30,31,37,39
8,13,18,24,28,33,35
2,6,12,16,18,23,30
8,16,31,34,36,37,39
19,20,24,26,28,29,31
1,15,16,19,28,33,39
2,4,6,7,8,9,12
3,8,15,19,22,25,28
4,9,16,18,21,26,39
4,10,14,24,25,28,38
1,19,29,32,33,34,38
2,3,6,19,21,25,31
2,7,8,15,20,32,33
4,7,9,11,13,17,34
3,20,24,26,30,32,35
14,17,23,27,32,33,34
2,6,9,11,25,29,32
9,10,12,16,23,29,37
3,10,21,23,24,26,37
7,11,15,31,32,37,39
11,13,21,23,26,28,33
6,22,27,30,31,35,39
11,14,17,20,22,37,39
5,6,14,21,29,36,37
2,5,6,11,18,20,30
2,17,18,22,30,38,39
2,14,16,18,32,33,34
6,7,8,17,26,27,37
10,11,16,20,31,33,34
1,7,8,9,10,18,37
3,9,12,15,27,30,37
6,7,18,20,25,28,30
6,7,10,12,19,25,34
10,13,15,30,31,33,37
6,12,14,21,23,24,31
10,21,23,24,31,32,39
13,15,20,25,33,36,37
4,5,16,28,29,35,38
8,11,16,20,22,26,27
1,2,18,20,29,31,37
1,8,13,16,17,18,24
3,6,10,19,23,26,36
1,8,11,17,18,30,33
12,13,14,25,31,32,34
4,11,17,24,28,35,39
3,5,15,21,24,30,35
2,6,13,18,19,27,30
22,24,27,30,32,34,35
9,21,25,26,27,28,31
3,13,18,21,24,27,36
2,4,8,13,24,29,32
4,5,11,18,25,31,32
9,11,26,28,32,35,38
3,7,8,14,16,19,28
7,16,23,25,32,35,38
5,8,9,10,19,22,25
4,5,7,8,19,25,27
9,11,12,16,30,34,37
8,15,22,24,26,30,39
1,21,25,28,32,34,37
1,8,15,17,18,35,39
8,9,10,14,18,31,32
8,12,18,24,25,26,38
1,9,10,11,15,16,29
4,13,14,23,24,36,39
5,17,21,28,31,32,37
3,9,11,22,27,30,35
7,17,18,21,26,27,30
8,11,14,16,22,26,39
6,12,17,27,32,34,36
10,12,14,19,24,25,34
4,6,8,14,19,26,36
2,10,14,15,20,27,29
8,9,17,24,29,36,38
2,7,27,31,32,34,37
7,9,13,20,22,23,26
12,16,17,25,30,33,34
4,5,9,13,14,18,22
2,12,21,22,26,32,39
14,17,21,24,25,32,39
7,13,24,25,29,31,34
2,6,13,27,31,33,37
4,16,18,23,25,27,38
4,5,7,11,22,29,34
4,5,9,10,22,32,35
9,17,21,22,24,29,39
1,9,11,22,23,24,31
4,9,13,24,26,30,39
12,16,19,22,24,33,38
2,8,12,16,20,21,25
4,7,13,16,23,27,35
8,13,19,27,28,33,39
7,10,13,16,22,24,32
10,13,22,24,28,32,39
3,8,13,30,32,33,36
8,11,20,33,34,38,39
8,9,11,13,26,30,33
3,9,10,12,15,19,22
4,11,12,19,29,35,36
2,8,11,33,35,36,37
2,3,6,21,23,25,37
1,7,8,16,20,33,38
3,6,21,24,26,30,35
10,13,18,19,21,25,33
5,8,9,17,19,31,32
7,15,21,22,23,33,39
3,6,7,13,30,37,39
5,8,11,23,24,35,38
4,9,11,12,23,29,32
7,8,9,14,16,29,36
9,18,20,28,32,33,36
1,3,4,12,27,37,39
5,6,13,15,27,34,38
4,9,12,25,30,32,35
13,22,27,28,30,32,39
3,10,12,16,17,27,36
2,6,23,30,32,37,39
1,20,27,33,35,37,38
1,7,10,12,26,32,39
6,28,29,31,35,36,38
8,13,15,25,26,34,38
8,12,15,28,32,33,34
5,9,12,25,32,37,39
6,11,13,28,31,35,37
1,2,3,5,6,21,25
3,5,7,16,17,19,35
7,11,12,17,20,32,37
14,21,22,23,28,29,35
1,6,14,16,21,23,25
1,9,10,19,21,26,38
1,6,9,23,27,37,38
3,13,15,21,24,27,35
8,20,22,29,31,36,37
3,14,22,30,32,36,39
2,4,5,11,16,26,27
1,12,21,26,28,32,35
5,8,26,27,29,38,39
10,12,14,22,23,34,38
9,14,15,20,25,26,35
4,7,9,12,34,38,39
6,11,27,28,29,30,38
8,15,17,24,29,30,33
4,6,8,13,16,18,30
11,21,23,25,26,29,39
1,9,13,14,26,32,39
8,15,18,20,29,30,34
12,21,23,25,35,36,37
1,2,24,26,29,34,38
2,8,19,24,29,32,38
7,10,17,18,29,33,34
10,14,20,27,28,29,31
3,5,12,14,17,25,34
2,3,6,9,20,22,32
1,2,8,18,23,33,37
4,5,7,11,18,30,36
4,7,8,14,29,31,38
1,7,17,23,27,30,37
6,13,17,20,23,31,39
11,12,15,17,19,30,39
4,6,11,12,23,31,35
7,11,12,14,26,38,39
1,11,13,21,29,35,36
4,7,8,10,15,35,38
3,8,13,18,20,28,32
8,18,19,20,29,35,37
18,19,21,22,26,37,38
6,11,14,18,30,38,39
3,6,9,13,19,20,27
6,11,14,22,24,31,32
4,13,25,31,34,35,36
1,6,7,20,29,36,39
8,9,14,20,22,23,24
4,10,14,25,33,34,35
9,10,14,15,20,24,30
13,17,20,26,28,30,38
8,15,17,18,26,37,39
3,10,11,12,29,30,33
1,2,10,12,16,30,39
3,5,21,27,29,37,39
1,5,6,16,21,35,37
3,10,14,15,16,20,24
5,13,17,29,32,36,38
3,16,19,22,23,27,35
5,10,19,28,31,35,38
1,5,31,34,36,38,39
1,3,15,18,24,28,31
2,5,9,12,20,24,33
4,7,9,11,16,17,33
4,7,8,13,19,29,34
2,4,5,8,23,29,30
4,9,12,18,20,23,34
3,4,6,16,22,27,28
2,6,7,20,25,32,34
2,3,6,15,21,25,30
10,17,19,25,26,32,39
3,8,17,21,23,32,35
2,4,5,6,13,22,31
5,9,21,24,29,31,36
7,18,22,25,27,29,34
1,8,11,18,23,28,37
11,12,15,17,22,31,33
6,12,13,16,26,27,29
3,6,13,21,22,23,24
10,11,13,14,29,32,35
2,4,6,16,17,24,25
1,3,8,12,15,24,38
6,11,12,22,32,36,39
1,19,21,22,27,33,34
2,10,15,16,19,24,25
3,6,8,9,17,26,29
3,4,5,11,19,32,39
4,9,15,20,24,31,36
7,9,12,17,20,32,36
2,4,13,16,24,33,34
13,17,22,30,37,38,39
5,15,18,25,30,36,37
6,18,24,26,27,32,34
2,4,14,19,27,32,36
6,8,18,26,29,32,36
3,9,23,24,25,33,38
6,12,15,23,31,35,38
1,5,24,28,31,35,37
5,9,12,16,20,26,27
18,19,20,28,31,35,36
6,8,12,17,18,28,34
14,19,23,26,27,28,35
4,11,13,21,24,34,37
2,14,22,31,33,34,37
7,10,24,25,28,32,39
3,9,11,21,26,32,36
4,11,14,19,20,24,28
6,9,15,25,30,36,39
6,7,9,27,30,32,38
2,5,23,24,28,37,38
2,18,21,24,28,30,37
1,7,11,20,21,23,26
2,4,6,10,15,16,30
1,8,9,20,21,30,32
3,20,24,25,30,37,39
1,9,10,17,21,22,38
3,4,16,19,21,26,34
5,9,12,13,14,26,32
3,12,13,15,18,25,27
7,9,15,16,24,26,38
8,16,18,23,24,25,31
11,17,23,30,35,37,38
1,6,28,30,34,38,39
1,4,7,10,15,17,22
11,12,16,23,31,35,36
4,5,6,16,23,35,36
12,14,17,19,23,27,28
7,9,16,20,29,33,37
2,7,10,17,19,28,33
1,6,21,25,26,31,33
7,15,19,20,22,24,37
7,9,21,24,25,27,37
17,19,20,29,31,33,37
3,4,7,8,24,28,39
5,7,9,12,16,23,36
4,5,6,7,12,28,33
2,4,5,13,23,27,30
6,14,15,20,22,26,33
3,10,12,20,32,35,39
10,20,23,26,31,33,34
1,2,8,15,23,26,31
3,5,9,18,19,34,36
1,20,23,24,32,33,39
7,11,13,14,15,34,35
4,5,6,12,22,25,26
6,8,13,16,26,28,35
1,8,10,17,30,33,39
14,19,20,21,30,32,37
4,6,9,26,30,32,37
9,10,14,20,22,31,39
4,6,7,13,14,25,35
11,13,22,24,25,31,38
2,8,14,15,20,24,25
4,11,16,17,33,34,37
7,11,19,20,25,26,29
5,11,12,20,27,29,37
4,5,8,12,21,31,37
4,8,10,11,16,30,36
1,8,12,15,25,26,34
3,8,10,14,21,27,30
2,10,17,21,22,27,39
3,5,20,21,23,28,33
4,14,27,29,33,36,38
2,4,10,16,30,33,35
11,21,22,30,34,36,38
18,25,28,31,32,34,35
1,4,5,9,27,32,39
5,8,10,19,31,33,37
9,11,15,18,28,30,38
9,11,15,21,24,32,39
17,22,26,28,31,32,35
4,18,22,25,29,35,39
4,5,13,17,21,25,31
1,7,11,13,26,27,34
6,12,13,14,25,36,38
4,13,23,24,26,34,38
2,6,10,16,21,31,32
5,9,11,15,21,24,26
8,24,25,26,28,36,38
7,15,20,26,27,28,38
1,2,3,5,15,21,35
8,11,14,22,24,34,37
11,14,17,27,28,29,35
12,13,14,29,33,36,38
6,11,12,15,17,27,31
2,4,6,7,14,29,31
5,10,17,21,25,32,38
11,12,14,15,16,20,33
15,17,21,26,29,32,34
7,10,12,21,22,35,39
6,11,24,25,27,33,37
1,4,5,8,12,17,31
5,6,14,16,23,30,39
2,9,13,19,22,31,37
6,11,23,24,29,34,37
2,11,23,25,34,36,37
1,10,18,22,30,34,39
3,19,29,31,33,34,39
1,2,6,7,9,11,17
3,4,5,8,13,24,28
3,5,7,9,26,29,33
7,9,13,14,23,29,37
4,5,10,27,30,38,39
4,6,8,17,29,35,38
3,7,11,14,22,24,29
2,7,16,20,26,27,38
2,8,14,16,30,34,36
17,26,27,29,30,31,38
6,11,17,20,27,31,34
9,14,15,19,22,31,39
1,5,6,16,21,22,30
11,12,13,27,28,33,36
4,7,11,12,18,21,39
5,6,23,27,30,37,39
2,4,21,27,28,32,33
2,9,13,17,19,26,31
3,4,5,7,18,32,33
5,12,15,17,21,26,39
16,17,22,24,26,34,36
1,7,10,17,18,20,26
9,12,18,23,32,37,38
1,3,5,13,19,29,32
2,9,10,14,20,27,29
4,14,16,21,24,31,35
3,5,6,7,16,27,36
10,14,21,22,24,33,38
3,4,9,10,13,23,24
6,14,22,23,30,31,32
2,11,13,18,19,26,34
8,11,23,27,32,34,39
3,11,15,18,31,34,37
2,4,9,10,16,19,38
2,3,6,8,21,30,38
9,12,14,16,22,27,37
13,20,23,29,31,36,37
1,6,8,15,20,25,30
1,3,12,19,21,26,33
4,9,13,14,19,28,36
2,3,10,13,31,34,35
4,14,16,20,26,35,37
1,5,11,13,26,31,38
6,18,21,25,30,36,39
3,5,27,28,29,36,39
2,13,16,18,19,23,39
1,5,13,16,22,26,31
2,6,9,16,27,35,36
1,6,16,30,34,37,38
6,11,15,19,23,28,31
2,15,24,32,33,35,36
9,11,18,21,23,24,25
9,12,30,33,35,36,37
4,6,13,18,26,31,33
5,8,9,10,16,20,23
6,8,13,17,28,31,33
11,15,19,22,23,37,38
4,5,13,25,27,34,37
7,9,16,20,30,33,36
13,14,17,18,26,29,36
9,10,14,16,26,28,35
2,3,7,10,11,12,25
5,8,9,23,26,30,38
12,16,21,25,32,33,35
1,5,9,12,19,26,28
1,4,12,29,33,35,37
16,17,23,31,32,34,36
2,10,16,22,28,32,39
4,5,6,18,20,33,38
4,8,16,17,19,30,31
2,13,18,29,30,35,36
3,14,18,20,21,22,33
8,11,16,21,27,35,38
2,5,15,16,20,31,36
3,11,17,23,30,32,33
17,20,22,23,24,31,33
2,6,12,17,23,27,29
5,17,23,26,31,38,39
3,11,13,15,20,27,32
2,4,5,7,13,22,29
4,8,19,21,27,34,37
10,12,15,16,30,35,37
6,12,18,29,34,37,38
3,8,9,10,12,27,30
10,16,17,20,24,27,39
3,14,20,27,28,33,36
16,20,21,24,28,33,36
10,14,17,21,25,27,37
4,14,15,23,26,33,36
22,24,27,29,30,31,36
3,7,10,24,28,33,34
11,13,15,17,26,30,31
1,18,20,27,29,30,32
9,11,22,23,29,32,33
15,17,25,27,30,32,36
2,7,23,25,35,36,39
8,16,19,23,29,31,37
7,14,18,24,27,31,37
11,12,14,26,31,33,38
4,7,21,24,29,30,32
3,11,13,14,15,27,35
3,12,26,29,32,33,37
5,9,12,14,16,22,23
13,20,22,24,28,34,35
5,8,11,14,15,28,30
5,13,18,19,25,27,37
11,22,26,32,33,37,38
2,11,16,25,26,28,33
8,15,17,26,27,28,33
2,22,34,35,36,37,39
7,9,16,25,27,30,39
7,12,17,26,28,29,31
12,19,22,23,33,35,39
1,6,10,12,20,27,32
1,8,13,20,23,37,39
1,5,10,16,22,24,30
2,4,14,18,20,21,28
3,25,28,32,36,37,38
2,9,10,17,23,36,38
3,4,5,13,24,28,31
10,20,23,24,25,29,38
2,14,16,18,31,34,35
6,7,8,25,29,36,37
12,15,16,17,23,29,36
15,20,21,24,26,32,39
2,15,20,21,22,36,37
3,7,10,11,12,23,37
5,7,15,26,31,35,39
4,6,13,16,34,35,39
5,8,14,18,21,22,26
1,5,13,28,31,32,38
5,8,11,15,27,28,32
11,19,23,26,27,31,37
11,19,26,32,33,35,38
8,14,21,22,25,31,34
5,13,15,23,24,25,26
4,5,7,9,11,27,38
1,11,15,16,18,19,28
3,7,9,11,17,21,31
5,9,11,23,24,33,38
10,17,20,25,27,28,32
4,25,32,33,34,35,38
3,8,10,13,16,30,34
3,10,11,18,23,36,39
4,13,14,17,18,22,37
1,3,14,23,29,30,39
2,9,13,23,30,36,38
4,6,12,23,24,30,35
1,11,16,18,23,29,31
4,13,22,23,32,33,37
2,6,17,19,23,25,30
16,18,20,23,27,28,33
1,8,11,21,29,30,37
6,13,19,22,25,31,39
1,6,8,18,19,22,28
5,7,18,23,25,35,39
3,6,7,10,13,32,37
1,4,6,15,29,37,39
4,11,15,23,32,33,39
4,5,8,22,24,25,29
6,7,12,18,21,23,25
5,14,17,22,25,32,38
5,10,12,13,15,22,36
6,9,15,18,19,28,39
3,10,14,20,23,28,32
6,11,12,15,28,33,38
8,10,18,19,24,30,34
1,9,15,16,19,24,36
4,8,25,29,37,38,39
2,3,9,15,25,35,39
8,18,23,25,27,35,36
1,3,15,16,23,27,37
14,19,20,23,29,30,34
2,9,14,23,25,27,28
10,17,21,32,33,34,37
1,3,4,16,17,32,38
6,7,8,22,25,33,36
3,16,23,26,27,36,39
14,16,19,24,26,33,35
6,10,15,16,21,27,39
2,7,14,20,27,32,38
3,8,12,15,19,22,39
2,8,10,19,22,24,29
3,13,22,27,31,33,38
2,4,16,22,33,34,37
1,9,14,21,36,38,39
5,11,21,23,28,34,38
11,18,23,25,26,35,37
3,4,18,23,26,27,31
2,8,14,17,21,26,29
7,8,10,22,33,35,39
2,4,8,9,16,22,34
1,8,11,12,22,27,28
1,9,15,17,25,28,38
2,5,9,20,21,23,33
2,5,9,23,24,29,34
8,11,16,23,30,31,33
6,8,12,14,22,26,34
4,6,16,26,30,32,34
4,6,12,13,21,27,33
12,15,19,20,23,30,33
9,11,12,21,30,33,37
8,11,24,28,30,33,34
9,13,15,20,26,33,34
10,11,12,21,25,33,36
5,17,20,21,25,28,31
7,8,19,26,28,35,38
1,6,13,18,25,33,35
4,10,19,23,30,38,39
3,10,13,14,24,28,37
3,6,7,9,13,27,33
9,12,18,20,23,25,37
3,14,19,20,22,28,34
7,13,17,27,31,32,33
2,14,29,30,33,36,38
1,8,16,21,23,34,36
7,9,18,24,30,32,36
1,2,18,19,25,31,36
16,20,23,25,27,29,32
6,9,10,17,27,32,36
5,9,13,18,20,21,34
6,9,17,21,27,34,36
2,10,13,22,29,37,39
2,9,19,27,33,35,37
1,6,9,22,33,36,38
5,8,13,24,28,30,39
1,7,10,23,28,38,39
5,8,11,13,24,35,38
1,5,9,14,18,27,33
13,17,22,26,28,35,39
9,10,19,22,23,25,34
10,19,25,27,29,32,36
2,3,6,18,21,24,36
1,2,8,11,16,23,28
1,3,4,7,12,21,31
2,6,7,8,14,26,34
7,12,18,20,34,36,38
2,10,11,12,26,31,35
1,8,23,31,32,34,39
4,7,8,14,16,18,31
3,4,5,22,25,28,34
15,16,19,29,31,32,38
11,18,23,26,28,33,34
1,7,16,19,23,33,38
1,2,11,18,19,20,29
1,3,8,23,26,31,36
3,5,9,11,12,13,38
4,7,9,22,27,32,39
4,6,11,12,15,16,30
5,8,16,18,20,26,29
6,17,18,20,22,23,37
5,6,11,15,24,28,33
4,5,7,16,20,30,36
4,6,28,32,33,36,39
5,13,14,27,28,35,37
12,15,20,21,24,33,39
2,20,27,29,30,34,37
14,15,22,26,28,37,38
6,24,29,30,31,36,39
3,11,14,19,20,35,37
5,10,11,23,26,27,30
3,17,26,27,36,37,38
5,18,23,24,26,35,37
3,8,12,13,27,28,31
5,14,19,24,32,35,37
8,11,14,17,27,28,37
4,9,14,15,20,27,38
4,7,12,17,26,35,39
2,5,8,12,14,23,25
7,13,18,23,27,32,37
6,7,20,26,30,37,38
2,6,14,27,29,30,39
4,15,22,25,29,36,39
5,8,13,17,18,30,34
3,8,16,17,21,33,35
4,6,8,15,28,35,39
9,18,27,33,36,37,38
19,25,27,29,31,34,35
12,13,25,29,31,33,35
1,9,14,19,20,23,32
2,6,10,29,31,33,35
2,4,12,22,24,28,39
4,5,22,23,25,26,28
1,2,7,8,16,28,37
1,3,9,10,17,24,37
6,10,19,25,34,36,38
5,7,17,18,20,31,34
6,10,11,13,14,32,37
1,4,5,7,15,26,33
12,23,24,27,35,36,38
2,16,18,19,25,32,37
3,11,15,19,30,31,39
4,11,12,13,14,30,36
14,18,19,20,24,27,31
7,14,15,17,23,32,35
3,7,13,22,30,35,38
1,3,11,18,21,25,36
3,8,11,18,20,31,32
10,16,22,26,27,28,32
1,8,9,21,24,31,34
1,8,11,13,14,15,27
9,16,24,27,29,32,38
4,13,22,24,29,33,38
2,7,10,14,18,25,35
7,10,18,21,24,26,38
2,5,17,18,21,26,34
8,13,18,25,29,32,35
2,8,16,17,22,25,39
10,11,14,26,31,33,34
7,13,15,21,22,31,35
3,5,7,20,22,23,28
22,25,26,28,29,33,36
14,20,29,30,32,36,39
2,6,19,22,27,29,34
10,14,19,21,27,28,38
2,3,5,7,9,13,17
16,20,23,24,32,33,37
5,9,18,27,30,37,39
7,9,16,20,23,31,34
10,15,16,30,33,34,35
2,5,9,31,33,34,35
1,8,11,12,21,22,29
3,5,13,17,23,26,33
8,10,22,30,36,37,38
4,16,18,20,25,28,38
11,12,15,21,22,27,33
3,6,8,16,19,37,38
5,10,17,23,35,37,38
1,4,18,25,28,34,36
1,5,9,14,29,34,38
1,13,17,18,28,30,34
4,5,12,29,31,37,39
1,9,12,16,17,34,35
4,13,16,26,30,32,33
1,10,18,22,23,25,33
1,2,3,5,10,12,31
14,20,26,28,30,34,35
4,14,26,28,30,34,38
2,3,4,6,7,12,29
3,9,16,21,23,30,31
4,15,22,28,29,36,37
5,8,9,12,17,19,28
2,12,18,20,21,24,29
1,3,7,11,14,20,23
2,6,23,26,33,34,39
5,6,10,15,20,23,31
2,3,15,17,19,30,34
7,12,24,26,30,34,36
3,11,12,23,27,33,38
1,4,7,17,20,26,38
14,17,25,29,32,34,37
3,5,15,16,25,30,32
7,9,11,14,24,31,37
10,12,13,24,32,38,39
3,9,14,21,22,24,29
3,6,12,20,21,32,33
3,4,7,9,15,20,23
3,9,12,18,19,23,34
1,8,10,16,26,30,34
12,15,18,24,29,31,36
9,11,21,22,24,25,31
9,13,22,26,27,34,38
9,14,20,29,34,35,39
9,10,21,23,28,31,38
1,2,16,19,22,29,32
4,5,11,22,33,34,37
8,15,18,22,24,28,33
6,11,19,27,33,35,38
1,2,4,6,14,20,32
7,10,13,27,29,33,36
2,4,10,33,36,37,38
1,4,5,23,24,28,38
3,7,9,13,14,19,35
20,21,26,35,37,38,39
5,10,12,20,30,35,39
3,4,14,16,17,19,37
1,3,11,26,29,30,33
4,11,12,18,23,28,39
9,12,15,24,32,37,38
4,7,16,18,31,33,37
2,4,20,23,26,29,31
3,4,10,15,17,21,31
8,14,19,25,32,34,36
6,15,16,18,21,22,33
4,6,13,14,17,31,37
2,8,17,19,21,23,30
7,16,19,24,26,27,35
1,8,15,22,25,27,39
2,4,11,16,20,25,39
7,9,14,20,23,29,37
13,19,21,25,28,30,31
11,16,17,25,26,31,36
2,11,13,17,24,33,36
2,4,15,17,23,34,36
13,19,20,22,24,26,37
9,13,23,25,28,35,37
13,18,25,28,29,31,37
5,6,7,8,16,26,31
9,15,18,26,34,36,38
5,11,13,14,15,30,31
1,11,12,21,31,32,39
10,13,18,19,30,33,34
9,10,11,25,31,32,36
1,4,9,12,26,31,39
7,8,17,23,27,36,37
3,19,22,29,31,35,37
2,7,8,12,21,30,38
1,6,11,13,21,28,35
6,18,22,24,29,31,38
8,15,18,19,21,23,26
10,15,22,27,29,31,39
6,9,12,14,18,21,26
3,12,17,18,20,23,38
3,8,14,29,32,36,39
1,12,19,21,22,33,38
9,20,22,25,28,30,31
2,6,11,20,25,32,36
12,18,19,24,25,31,32
17,24,25,31,32,33,34
2,5,6,9,22,26,30
14,16,17,25,27,29,39
2,10,14,16,19,36,39
11,14,19,26,30,36,37
1,3,9,22,23,37,38
6,10,14,15,20,23,27
6,12,13,17,20,26,35
25,30,31,32,35,36,39
8,13,15,16,20,28,29
4,13,16,27,29,32,36
2,3,4,9,13,23,24
1,7,9,25,26,31,33
8,17,21,25,27,35,38
3,13,18,20,28,29,38
2,11,16,19,26,29,39
5,14,16,22,25,31,32
1,6,8,22,23,24,33
18,24,26,31,32,38,39
3,7,9,12,14,26,37
6,17,21,22,23,28,35
19,22,25,29,30,36,37
3,11,13,15,17,19,31
9,13,14,16,21,24,31
2,5,8,10,15,21,24
3,4,6,17,30,32,37
5,7,10,22,24,25,27
3,10,21,29,31,38,39
1,2,7,18,25,35,37
3,11,17,21,23,26,36
7,14,16,17,19,26,29
1,14,18,28,29,30,35
6,9,13,23,27,32,37
1,3,10,18,21,22,29
1,2,5,21,23,28,30
2,8,18,22,27,32,37
13,21,29,32,34,35,37
2,7,15,20,21,22,36
1,3,12,15,22,26,30
8,21,22,26,31,37,38
3,5,7,12,21,24,37
5,10,12,20,29,34,36
7,9,12,19,33,34,39
8,16,20,25,30,32,34
5,7,9,12,21,32,39
12,18,21,22,30,37,39
4,15,16,21,29,30,36
1,8,14,19,29,33,39
4,14,24,25,30,31,34
5,10,17,25,28,34,39
6,12,17,18,21,26,37
1,3,8,21,25,30,36
9,14,23,24,25,27,31
11,12,24,26,31,34,35
9,10,14,19,31,34,38
12,13,23,26,27,37,38
5,8,15,26,31,32,38
4,9,13,14,17,37,39
2,20,22,27,28,31,35
4,8,12,18,19,24,31
3,6,9,14,16,19,39
11,15,18,22,24,36,37
2,7,11,22,26,27,34
9,12,19,22,28,36,39
1,9,12,14,20,25,36
13,21,22,28,30,32,39
10,15,17,25,28,32,33
2,3,6,7,10,15,25
4,13,19,22,28,32,37
4,6,9,10,11,18,32
5,12,15,18,20,33,37
12,17,18,19,26,35,39
4,6,14,24,27,33,37
8,14,16,22,27,29,37
7,12,16,25,26,34,37
2,7,9,13,14,29,31
12,14,18,22,31,38,39
1,7,11,19,23,25,32
11,12,14,15,35,36,37
4,10,14,15,29,31,39
1,9,11,19,20,22,26
3,7,27,28,32,33,35
5,8,10,20,29,34,38
2,9,10,17,20,29,32
1,3,9,13,18,32,38
15,24,26,35,36,38,39
2,10,19,24,26,36,38
7,12,15,22,30,33,39
3,4,5,15,24,26,36
1,10,11,16,18,19,21
2,14,17,18,32,34,38
7,8,15,21,28,29,34
10,11,14,20,24,31,37
14,18,21,26,28,29,32
6,8,9,17,21,29,39
2,3,5,24,28,37,38
13,14,17,21,27,35,36
1,14,19,24,25,35,38
8,16,17,25,33,34,38
1,6,12,24,30,32,35
7,9,18,19,25,37,38
3,7,9,13,17,29,34
2,3,6,8,10,15,17
3,7,11,16,17,21,28
2,3,7,15,22,33,37
2,5,16,17,23,27,31
5,7,11,15,24,31,36
1,5,6,16,28,30,39
11,14,16,18,27,29,35
2,3,12,25,31,33,38
3,7,11,20,27,30,38
1,3,16,25,27,32,33
10,12,13,15,17,19,21
2,19,23,24,31,32,35
12,13,19,21,29,30,34
1,6,7,19,32,35,39
1,8,15,16,17,24,37
2,7,12,17,22,29,39
5,10,23,27,33,36,39
2,9,19,21,30,32,39
1,4,11,13,24,27,28
1,8,9,10,16,19,28
6,12,13,23,24,26,33
1,19,20,25,28,33,38
8,10,18,32,35,36,38
11,16,18,21,23,24,30
4,5,7,13,19,26,27
3,15,18,19,26,29,33
28,29,30,33,34,36,38
3,5,11,13,19,37,39
9,19,23,26,27,29,33
6,12,17,19,22,26,32
6,17,18,26,27,30,39
5,11,14,18,21,36,37
15,16,17,21,26,38,39
8,10,12,19,26,28,30
11,16,19,22,28,29,38
11,16,26,29,31,33,38
1,9,15,16,21,31,38
2,5,8,11,13,23,29
21,26,28,30,32,35,36
7,8,17,19,22,24,30
1,23,26,33,35,37,38
5,12,16,25,28,36,39
3,6,16,18,20,25,33
4,19,24,26,27,34,35
1,4,5,25,26,27,35
14,18,20,24,28,31,35
2,4,13,23,34,35,37
3,10,21,25,26,38,39
5,13,16,18,32,36,39
19,21,27,28,29,30,31
9,12,15,20,27,28,35
1,8,10,14,22,28,30
5,6,15,20,27,32,37
5,16,27,30,34,36,38
4,6,9,11,12,13,14
1,6,7,18,20,23,32
7,9,13,14,16,20,33
7,22,27,28,35,36,37
1,5,14,25,27,31,33
1,4,10,21,25,26,37
9,26,30,35,36,37,39
4,15,19,21,23,28,35
1,6,21,24,26,34,36
7,9,27,30,32,35,39
5,20,26,28,33,36,37
1,8,14,19,26,38,39
11,15,17,19,26,27,39
2,6,7,10,14,19,30
8,9,11,13,28,31,38
9,11,12,20,21,29,39
2,13,25,29,31,33,36
10,11,13,19,22,24,34
14,23,24,32,33,34,39
4,5,12,15,22,28,30
7,11,15,16,19,21,32
12,17,24,26,34,35,38
9,13,17,21,28,32,35
1,7,25,26,33,34,38
8,12,20,26,27,30,32
2,5,10,14,27,37,39
2,9,12,24,29,36,37
2,4,10,21,22,26,33
4,8,11,23,25,26,29
13,14,22,30,33,35,39
10,12,15,16,28,29,38
4,8,9,18,26,31,38
4,8,10,29,34,36,37
3,8,12,17,30,34,35
2,3,10,24,28,31,38
4,12,13,15,25,29,39
11,20,22,23,25,26,35
14,21,23,25,28,33,35
2,6,7,18,19,20,35
6,11,13,16,20,36,39
3,8,12,22,26,30,34
1,4,21,22,23,24,38
4,5,6,12,13,16,38
1,5,6,20,34,37,38
8,11,18,28,32,35,37
4,13,14,17,21,26,33
1,3,5,6,19,38,39
1,2,7,9,19,34,36
1,2,22,27,29,34,36
1,2,10,16,18,31,34
6,12,13,23,30,35,38
1,4,6,16,19,29,31
10,14,21,23,28,36,37
2,3,8,13,17,27,35
12,19,20,25,31,35,39
5,13,17,24,27,30,37
3,7,8,18,20,32,39
3,8,9,13,15,19,20
2,7,8,12,29,32,37
3,4,8,15,17,20,33
1,8,11,15,24,27,33
1,3,7,17,19,32,39
2,9,10,11,13,25,32
2,10,14,21,22,30,35
6,11,14,15,16,29,31
5,6,18,19,22,25,32
5,7,8,16,22,27,35
1,5,8,21,22,25,32
10,13,15,20,23,24,27
3,7,12,15,21,29,33
1,2,4,9,22,34,36
6,7,16,18,29,30,33
7,9,15,16,17,34,36
4,5,7,8,22,28,34
4,6,8,17,33,35,38
9,11,13,24,28,31,34
11,15,17,20,26,27,37
3,7,19,20,24,33,37
8,14,15,18,22,32,38
3,7,11,13,16,34,36
1,2,3,5,14,16,17
20,21,22,25,27,31,34
3,7,13,17,20,28,29
6,14,15,16,24,37,38
6,10,16,17,18,29,37
1,14,31,33,35,37,39
4,6,7,17,30,32,33
2,9,12,22,23,24,31
3,4,6,16,31,35,37
14,15,21,22,27,29,35
2,13,21,31,32,34,39
1,8,17,28,31,34,37
2,14,24,25,26,29,38
10,11,19,21,22,29,34
9,14,15,24,28,29,39
3,4,14,18,19,22,38
1,3,8,18,25,35,37
3,9,10,19,28,34,39
1,4,20,21,22,29,34
4,6,15,23,24,28,34
2,4,7,9,12,18,32
5,6,23,24,30,34,39
3,5,9,10,16,20,25
21,22,25,28,31,32,38
5,9,12,13,17,18,31
3,4,9,10,19,21,36
5,11,15,23,30,36,39
3,18,22,29,33,37,39
2,3,8,14,30,35,37
4,5,7,18,24,33,38
2,6,8,9,16,26,29
2,4,10,19,21,29,37
2,6,8,9,14,17,28
2,12,14,23,26,27,28
9,16,17,20,25,31,36
14,25,26,30,31,35,39
2,4,11,14,26,29,34
3,6,12,19,30,34,37
1,2,8,13,15,17,36
3,9,22,23,24,28,31
9,10,15,17,25,34,36
3,20,22,23,24,28,35
2,12,15,18,20,22,25
9,11,23,27,30,32,33
3,13,16,20,26,32,36
3,4,10,14,17,22,31
2,3,11,16,17,21,32
1,5,7,13,23,25,36
2,19,22,28,31,34,35
3,4,15,22,24,34,39
1,11,16,18,20,35,36
3,6,16,25,27,32,35
3,15,19,23,27,35,38
4,8,15,20,24,28,33
7,8,15,27,28,32,35
2,8,15,21,27,32,38
2,5,14,15,26,35,37
3,7,17,27,29,32,38
8,9,12,27,31,35,36
1,3,7,16,23,24,26
2,3,10,15,26,30,37
2,3,6,17,23,24,33
2,7,8,10,11,13,28
6,11,13,15,19,24,33
1,12,16,26,27,28,36
11,20,32,33,34,35,36
2,4,6,11,22,26,36
1,5,15,16,22,27,32
7,8,13,27,33,35,37
3,6,10,23,27,30,33
8,10,18,24,25,29,32
6,9,18,21,22,23,38
2,8,22,23,30,33,34
1,6,17,18,19,23,35
4,5,8,10,29,34,35
1,5,9,13,16,36,39
2,6,7,10,18,35,36
5,16,20,24,33,35,38
6,9,12,17,31,35,39
1,4,11,25,26,31,33
6,7,10,23,27,33,36
5,8,14,21,23,27,33
1,3,10,11,28,31,33
2,8,10,17,22,27,34
3,6,9,10,13,20,33
3,4,5,15,23,28,37
6,9,17,19,23,26,28
8,14,19,20,25,31,35
2,3,14,21,23,34,37
1,2,4,6,11,16,25
17,19,20,21,22,30,31
4,5,9,22,23,27,37
1,2,11,21,32,34,39
5,10,16,18,22,28,36
3,13,17,23,25,33,35
1,4,5,15,18,19,38
2,4,12,21,29,31,32
2,3,6,16,24,26,35
2,3,4,7,35,36,38
1,4,7,8,23,34,38
1,2,13,15,20,30,33
7,10,15,16,23,28,39
1,4,14,17,18,28,37
8,9,25,26,27,28,39
1,4,14,15,16,31,38
2,15,19,24,27,29,30
1,5,6,18,33,37,38
1,2,7,16,25,26,36
2,5,8,11,18,33,39
7,8,13,15,30,32,36
14,21,23,25,32,33,39
6,7,8,12,17,23,34
19,22,23,29,34,37,38
1,6,11,13,19,28,38
1,5,11,16,29,36,39
1,3,5,6,27,36,39
2,10,13,18,24,25,30
6,9,15,22,23,33,38
3,11,12,19,35,36,39
2,8,17,21,24,32,39
1,8,22,23,26,30,35
10,19,20,24,32,36,37
5,11,21,24,29,35,37
8,11,13,14,25,34,36
7,9,14,20,24,35,37
5,13,16,18,23,35,36
2,10,12,16,18,37,39
8,12,14,17,24,27,38
3,4,13,19,25,29,36
3,5,10,25,30,32,38
1,11,21,30,32,33,38
5,8,10,11,15,24,26
5,6,12,18,23,29,38
6,21,23,24,30,31,39
1,13,15,23,28,30,35
3,8,17,25,34,35,37
4,9,24,25,27,32,39
1,11,16,20,30,32,39
5,6,12,19,34,35,37
10,18,20,26,28,31,32
8,10,13,18,21,22,31
3,8,19,26,32,33,37
6,7,14,18,26,29,37
3,10,12,16,20,23,37
7,12,17,20,28,31,34
2,3,10,26,27,31,36
3,6,14,22,26,34,38
5,9,18,23,28,33,34
7,24,25,26,28,30,39
5,15,16,19,21,23,39
7,10,15,16,24,28,36
4,6,18,25,26,28,31
8,10,13,19,24,26,28
2,5,10,18,23,37,39
19,21,23,24,26,27,31
7,12,20,21,25,31,36
14,17,27,29,30,33,36
13,20,22,23,28,30,35
5,19,23,27,29,31,34
1,6,8,14,25,33,37
6,18,26,27,29,35,36
6,13,14,17,25,26,39
2,5,7,21,33,37,38
6,15,24,27,28,31,35
4,7,16,17,25,28,39
16,21,22,23,27,31,39
3,8,18,21,26,36,38
9,13,18,20,21,24,29
1,8,11,12,19,36,37
14,16,21,28,33,34,37
4,14,18,19,27,30,38
4,6,11,12,26,28,34
10,12,16,23,25,26,31
3,4,5,7,19,25,28
3,4,9,18,22,24,39
1,7,9,15,16,24,39
2,3,13,18,24,28,29
7,8,13,14,23,29,35
1,4,13,18,27,38,39
1,3,8,10,28,29,37
5,13,19,22,24,30,31
13,20,22,24,33,34,38
7,17,22,27,29,30,31
6,18,20,25,29,36,38
1,3,4,17,18,25,31
1,7,11,18,22,26,32
7,12,13,17,24,26,34
5,16,19,20,25,31,36
1,2,7,12,16,24,39
3,6,12,15,17,25,30
12,19,23,26,27,36,37
10,13,15,18,21,35,38
3,4,22,25,30,31,32
12,14,15,16,21,29,33
3,6,9,14,21,26,35
12,19,25,29,33,35,39
8,12,21,22,23,27,38
8,9,10,27,28,35,38
2,9,12,13,14,24,38
1,17,19,21,33,36,39
1,2,12,15,18,23,38
4,5,26,27,30,32,38
1,7,10,18,24,26,30
3,5,7,17,20,32,37
5,12,16,28,30,31,33
5,11,16,31,33,38,39
5,12,14,21,24,31,32
16,17,20,26,30,34,37
4,5,12,16,21,23,24
4,9,15,18,19,27,30
1,9,17,18,29,32,39
2,5,10,12,13,21,39
1,3,9,13,18,23,27
2,5,6,9,11,29,39
4,8,17,21,35,36,37
5,16,25,29,31,34,36
6,9,18,19,22,28,33
11,13,19,23,29,36,39
5,6,14,28,34,35,36
8,9,10,22,26,27,28
5,9,12,14,16,27,31
1,6,8,12,19,34,38
5,12,18,21,22,26,38
14,15,18,22,28,29,31
1,10,15,19,23,31,32
7,9,10,22,23,26,37
4,5,12,13,28,29,32
1,5,7,9,11,26,28
4,15,20,24,26,34,37
9,10,15,18,19,25,28
6,18,20,24,28,29,32
7,14,15,24,25,33,39
2,8,9,11,20,28,37
5,9,14,16,22,28,29
2,13,17,19,32,34,37
17,22,26,29,32,35,37
2,5,6,8,10,19,28
3,7,11,13,23,31,35
8,11,16,17,19,24,29
2,6,7,15,20,21,25
9,12,23,28,34,35,36
4,9,11,22,27,30,32
3,6,11,21,31,32,33
5,20,21,24,25,31,39
1,3,9,13,15,30,35
4,17,18,27,31,35,38
1,9,12,16,25,28,39
14,19,27,29,33,36,37
5,7,12,17,21,29,39
2,4,15,16,20,29,38
6,10,12,14,16,23,29
6,13,18,19,21,36,38
1,2,7,13,14,24,27
2,4,6,12,19,28,34
4,17,21,25,30,33,35
3,5,7,15,19,23,28
18,21,22,24,28,30,36
15,17,23,25,26,30,32
1,4,10,19,23,29,31
7,11,14,16,22,31,39
1,4,9,19,25,31,32
5,11,13,18,20,24,31
7,19,24,31,32,33,35
3,4,5,23,25,29,34
5,15,16,29,33,38,39
6,10,15,20,22,30,36
1,11,19,22,26,29,33
1,3,7,10,19,20,30
9,11,16,25,32,38,39
3,5,23,24,30,37,39
5,7,8,9,13,14,30
2,4,21,23,26,37,39
4,5,9,11,30,38,39
3,5,8,10,12,15,38
6,16,25,26,32,37,39
10,11,13,15,29,33,34
5,10,17,25,34,35,38
6,10,11,12,13,16,37
2,3,4,23,32,35,36
4,10,13,21,22,33,34
1,3,10,14,16,25,34
10,11,20,21,27,28,34
1,2,10,15,18,24,35
3,5,7,11,18,32,37
3,6,7,18,21,23,26
12,14,15,23,31,38,39
1,10,12,18,30,35,37
7,17,20,22,25,27,29
1,5,9,25,26,28,37
6,8,10,22,25,37,38
2,6,8,31,32,34,36
10,15,25,26,33,34,36
7,11,12,16,22,28,30
3,4,14,29,30,31,34
6,11,16,18,22,28,29
7,15,18,29,30,35,38
5,7,8,19,22,28,34
6,12,14,19,21,34,35
1,2,9,10,14,21,28
2,4,10,22,23,24,26
1,2,5,10,17,30,38
4,13,17,22,26,33,37
12,17,20,26,32,34,36
8,10,13,30,35,36,37
3,5,19,23,28,31,39
8,14,15,19,22,30,31
3,8,9,10,14,20,37
4,6,8,15,21,23,28
3,4,7,11,26,29,37
3,5,14,18,20,34,36
3,4,11,18,22,31,35
4,10,14,17,18,29,38
6,8,9,14,26,28,29
1,6,9,12,15,16,20
6,7,11,14,19,23,39
8,10,11,16,24,25,35
1,8,13,15,26,28,30
17,19,23,24,29,35,36
2,7,9,14,15,24,29
2,4,10,11,13,19,35
7,9,10,23,28,29,38
5,9,10,22,23,27,35
6,12,15,19,23,34,39
1,3,9,24,27,31,33
9,12,18,20,21,26,29
1,13,14,20,21,27,36
6,7,14,17,25,26,38
9,11,18,23,24,31,32
2,5,7,12,13,24,28
4,14,22,33,36,37,38
2,7,8,10,28,32,33
6,13,20,21,22,27,36
4,6,12,20,22,38,39
4,9,13,14,22,26,37
11,22,25,27,28,30,32
14,15,16,20,22,25,36
7,14,24,26,28,31,33
9,11,12,16,17,35,37
2,6,10,15,18,20,25
2,11,16,21,28,33,37
8,13,18,20,24,25,31
4,5,11,17,28,30,34
5,12,13,21,30,31,32
4,6,9,13,20,34,37
8,10,14,31,36,37,39
1,6,11,23,34,35,39
1,6,7,18,23,36,38
1,3,4,16,27,28,34
3,9,12,26,27,36,37
4,10,21,25,27,30,39
9,10,12,18,19,26,29
13,14,17,19,25,30,32
1,13,25,28,29,37,38
3,4,5,24,25,29,38
6,17,19,23,27,32,39
2,5,19,22,23,34,37
1,6,7,25,26,30,36
11,15,19,22,26,32,38
4,13,14,15,16,35,38
1,3,5,11,14,31,33
3,5,11,25,30,36,39
7,17,18,24,26,35,38
2,4,6,13,15,27,33
1,2,6,11,14,31,39
4,14,21,22,24,26,31
2,17,28,34,35,36,37
3,10,12,17,28,31,34
1,8,16,22,30,32,34
15,19,24,28,31,33,39
12,25,26,32,33,35,38
7,8,21,23,35,37,38
1,2,15,21,22,23,27
4,8,20,22,23,26,34
3,5,9,18,21,31,38
2,15,17,25,30,31,38
6,7,23,25,29,30,35
1,8,20,29,32,33,37
7,17,18,21,26,31,39
2,12,18,19,29,33,34
15,27,32,34,35,36,39
12,17,18,21,28,30,31
1,4,9,22,30,33,35
2,9,23,27,28,35,36
16,19,22,25,29,34,35
1,5,9,17,22,26,32
3,19,24,28,34,36,39
3,4,8,12,22,31,36
1,2,6,12,21,31,32
2,16,19,25,28,30,34
9,11,16,21,29,31,38
1,3,7,10,13,26,28
4,15,16,22,24,28,31
5,6,11,19,22,27,30
5,10,11,19,22,32,35
1,16,18,19,22,28,33
3,4,7,12,15,30,36
5,9,10,13,24,26,29
4,7,12,19,21,23,37
5,9,14,19,22,24,38
5,8,11,16,25,26,33
7,9,10,11,26,27,34
4,9,17,18,19,36,39
7,8,22,23,24,29,39
2,12,13,14,17,23,31
2,10,16,18,19,32,38
11,17,27,28,33,34,37
1,7,23,31,33,38,39
10,16,22,29,35,37,38
3,5,7,14,18,35,38
3,10,15,20,26,38,39
13,16,17,23,24,26,31
10,17,22,26,29,34,35
2,5,6,21,28,35,38
9,13,14,17,20,27,35
2,11,16,18,22,26,37
14,16,18,22,29,37,38
3,9,10,13,23,26,36
13,15,20,21,22,27,31
9,16,19,24,29,34,39
7,8,14,19,24,29,37
1,4,8,24,26,33,38
11,16,20,30,32,33,35
1,2,7,8,14,28,37
3,5,7,17,19,23,38
1,7,10,15,16,30,34
1,5,11,14,23,33,34
1,7,9,18,20,26,34
4,15,16,21,29,30,37
9,16,17,18,20,21,22
2,10,14,17,24,30,34
3,10,17,21,28,32,35
3,10,15,17,31,33,34
5,14,22,23,37,38,39
13,14,15,20,28,30,36
4,12,15,24,29,38,39
1,4,7,20,22,23,29
5,7,8,16,23,31,35
10,15,23,26,29,30,39
3,9,13,17,20,34,38
7,8,11,15,32,33,36
9,12,16,25,28,33,37
6,15,18,21,25,30,39
9,14,18,19,32,34,39
3,5,9,17,20,24,33
8,18,20,22,23,30,35
6,9,11,16,21,23,39
5,13,14,18,22,24,29
1,4,11,18,20,26,33
1,2,3,6,25,33,35
4,5,11,12,23,32,33
6,8,21,22,24,28,29
5,11,15,19,20,25,34
7,11,13,16,20,36,38
2,6,10,20,21,29,32
1,10,17,18,23,29,35
4,5,15,21,22,23,32
7,11,22,27,30,32,37
1,5,6,11,28,34,37
8,12,13,17,23,29,39
4,5,8,13,21,27,37
2,11,14,16,20,22,27
6,8,13,21,27,30,32
5,9,10,13,20,30,31
2,6,11,12,22,29,36
6,8,15,21,23,32,38
5,8,12,14,22,23,37
8,10,14,16,28,29,33
1,8,9,10,19,25,32
1,2,4,5,23,24,33
13,15,17,20,27,34,36
12,13,14,18,20,35,36
7,8,13,19,22,32,34
9,15,18,22,26,34,36
5,6,16,18,21,37,38
7,13,14,21,26,29,34
1,2,4,9,26,29,30
4,10,23,24,28,35,38
4,5,6,7,18,25,28
1,12,14,22,27,35,39
4,9,12,21,28,33,36
1,2,3,21,27,32,35
9,13,18,25,26,34,38
1,17,28,29,30,33,38
1,2,5,14,15,28,36
1,5,8,14,15,19,37
1,5,12,24,28,36,39
2,5,15,19,20,33,38
15,17,18,22,33,36,37
6,8,9,13,26,34,36
4,5,23,28,29,30,39
1,2,7,15,25,31,37
2,3,9,10,20,21,23
1,2,5,9,21,25,37
2,8,14,19,34,37,39
7,13,24,26,29,31,37
2,7,20,22,35,36,37
5,6,7,30,31,36,37
7,10,16,22,24,28,39
4,8,17,23,35,36,38
1,8,14,21,27,32,37
1,7,9,11,26,35,39
3,6,11,19,23,24,25
1,2,7,16,31,32,37
8,13,25,27,29,31,38
1,3,17,23,24,31,35
1,10,14,15,16,25,38
12,16,20,23,28,29,30
1,3,13,14,18,21,22
8,9,12,25,29,35,38
12,22,25,32,33,35,38
3,6,18,23,27,30,35
2,22,26,28,32,33,38
2,4,9,18,26,31,35
8,10,13,18,25,27,28
4,18,21,33,34,37,39
5,9,14,15,17,23,33
2,4,5,10,24,27,32
4,10,13,14,19,20,31
6,20,21,25,31,36,37
5,9,16,27,29,31,37
7,9,12,13,15,33,37
2,8,16,17,20,23,32
6,7,9,11,13,14,31
4,13,15,18,29,31,32
9,18,23,28,32,38,39
2,7,8,19,21,33,35
15,18,26,28,36,38,39
16,17,21,25,31,33,39
5,11,16,22,23,25,37
1,7,10,11,17,21,31
8,9,16,20,22,24,38
3,16,17,24,27,33,36
2,3,11,15,22,29,33
6,9,13,27,29,30,31
1,15,17,21,23,35,38
7,8,9,17,20,26,34
4,9,13,24,29,37,38
1,6,7,33,34,37,38
9,14,19,21,24,31,37
21,22,29,34,35,36,39
4,9,18,19,20,27,36
7,15,17,18,21,32,35
3,5,8,14,33,38,39
1,13,16,21,25,38,39
10,14,19,32,33,34,35
1,2,10,12,28,31,36
2,4,5,6,8,14,36
1,10,21,31,37,38,39
1,2,12,14,22,33,34
2,4,6,7,9,23,27
6,14,15,18,20,23,36
9,12,25,27,29,30,34
6,13,16,32,36,37,39
5,13,16,20,21,30,36
8,32,34,36,37,38,39
5,19,21,27,28,32,37
16,18,26,27,28,30,36
2,4,13,20,34,37,39
1,2,13,14,17,19,37
8,14,19,22,26,27,29
1,7,16,20,28,32,35
5,11,14,16,25,30,39
2,6,8,15,17,20,24
7,11,13,14,18,33,36
3,4,6,16,17,25,28
5,9,17,23,24,26,32
19,25,26,27,35,36,39
1,2,4,15,28,30,34
2,7,9,16,17,20,23
5,6,7,9,19,31,39
16,27,29,31,36,37,38
3,11,23,24,25,26,34
11,13,22,23,27,29,37
5,7,22,29,32,35,39
3,6,8,9,11,36,37
7,11,21,26,27,37,38
7,9,10,12,33,35,38
18,19,21,22,29,31,37
6,10,16,17,32,33,34
1,4,6,14,17,23,29
6,10,14,19,20,28,30
4,9,11,17,22,30,35
3,6,9,25,26,30,36
10,22,23,27,28,32,37
4,7,13,21,24,31,38
3,12,21,26,28,31,37
2,6,13,14,21,35,39
2,9,20,24,28,34,37
3,10,12,14,20,21,27
2,4,5,12,19,22,33
1,11,12,13,21,28,29
13,19,22,23,32,35,37
8,17,25,29,32,34,37
16,19,25,26,27,35,39
2,10,13,14,17,23,34
6,14,20,26,28,31,38
10,13,18,19,30,33,38
3,6,9,16,28,32,38
11,12,14,17,24,25,27
3,10,12,17,18,20,34
4,7,11,23,25,31,35
4,9,14,23,27,36,39
16,22,24,26,33,36,37
8,23,24,26,28,33,34
7,12,15,21,26,27,38
1,9,10,19,25,34,35
1,4,11,12,15,31,33
3,6,17,22,23,35,38
4,6,9,28,31,37,39
4,10,15,16,36,37,38
3,7,11,12,13,34,36
1,4,15,23,26,29,37
10,15,22,28,33,37,38
6,7,8,17,18,23,32
8,17,23,25,30,31,33
6,9,10,12,14,37,39
10,14,18,23,26,27,35
15,19,22,26,27,32,38
7,11,14,24,29,33,36
11,13,16,25,30,36,38
2,5,7,8,15,21,23
3,5,17,24,27,29,38
9,11,16,17,19,30,37
11,13,16,17,19,24,30
8,16,21,23,24,27,33
15,22,23,27,29,38,39
5,20,24,26,29,31,35
3,8,10,15,18,33,38
1,9,19,21,31,35,36
1,4,11,17,25,27,31
7,9,12,19,24,25,33
2,11,12,16,24,27,32
7,8,14,16,27,30,37
8,9,13,21,23,27,28
7,9,29,31,33,35,36
2,4,13,22,23,33,39
5,8,10,23,25,32,35
8,17,22,26,36,37,38
1,4,7,9,14,27,35
10,11,23,26,30,32,33
1,15,22,25,26,33,35
8,9,11,15,17,32,37
5,26,31,32,35,36,39
2,6,21,24,25,27,32
13,15,16,17,26,32,35
6,8,9,19,22,31,37
1,5,6,8,11,17,27
5,6,16,17,18,27,28
6,12,14,17,22,35,38
2,4,11,18,20,22,23
2,10,15,20,29,32,39
3,4,5,7,9,21,27
2,4,11,22,27,31,37
9,11,17,23,26,33,34
1,2,7,8,11,23,29
4,9,13,18,26,29,31
7,12,17,21,22,25,27
10,14,15,18,24,31,34
5,10,11,12,18,32,38
11,16,18,20,25,34,35
1,2,7,24,26,33,39
2,6,15,21,22,23,25
1,2,3,6,25,26,32
5,8,12,14,17,20,30
6,9,15,16,18,20,29
1,3,10,17,22,26,37
8,15,16,23,31,33,35
3,14,24,27,31,33,36
2,7,13,22,24,27,29
1,6,7,9,21,34,37
3,4,8,9,13,28,33
3,4,9,19,28,34,37
14,15,18,23,27,33,35
4,9,14,17,27,29,33
9,14,19,26,28,30,33
6,8,11,23,29,30,31
7,13,16,26,35,38,39
7,11,16,26,28,34,35
8,10,11,18,20,21,35
4,6,8,12,34,36,39
3,9,13,23,26,34,35
5,9,10,12,16,35,37
5,6,7,8,16,21,32
4,6,10,11,20,32,37
10,13,20,23,27,30,39
3,11,13,19,29,32,36
2,17,25,26,27,30,35
8,11,15,22,33,38,39
4,10,15,20,26,31,37
2,6,11,22,28,31,34
4,6,13,21,24,32,38
5,15,18,28,30,33,36
4,8,23,25,28,32,33
6,8,9,12,21,29,30
2,9,17,20,21,34,38
1,6,14,23,27,35,36
1,2,3,15,19,22,39
14,15,18,25,26,29,35
14,16,27,28,29,30,35
4,13,15,18,23,24,26
1,3,4,11,18,25,39
1,2,12,23,29,31,35
6,8,20,23,35,37,39
1,12,13,16,27,32,39
3,19,23,26,28,37,38
3,4,5,18,21,35,38
4,8,13,30,34,36,39
4,6,16,21,24,32,34
6,10,16,17,20,38,39
1,2,4,9,34,35,36
10,12,15,17,21,25,38
6,7,11,15,19,23,26
3,4,11,27,29,34,39
2,3,5,21,25,30,39
3,9,10,11,23,24,32
5,9,10,13,18,29,34
2,13,14,21,22,31,39
8,13,20,23,29,35,36
1,11,16,23,26,35,37
2,6,8,21,29,36,38
1,2,14,15,29,34,38
8,12,14,16,22,29,36
3,6,8,9,16,31,37
4,19,20,25,29,32,33
4,9,16,20,26,31,33
2,6,14,27,31,36,37
15,17,21,24,27,32,35
17,20,22,26,33,35,36
2,8,12,25,28,29,36
1,12,15,18,21,24,35
2,3,8,12,21,26,34
5,7,12,15,17,32,35
5,15,17,21,36,37,38
7,10,11,23,25,30,38
6,11,23,26,28,38,39
3,14,21,24,26,29,37
1,4,10,15,21,27,31
2,4,9,15,26,32,34
5,13,18,19,28,34,37
7,8,14,16,22,32,39
9,19,23,26,30,35,36
3,7,12,25,33,34,38
9,13,16,19,22,26,29
9,13,22,28,31,35,37
5,10,16,19,22,25,30
3,9,13,14,24,28,31
5,6,7,9,29,37,38
13,21,25,29,30,35,37
1,4,11,13,19,26,34
5,10,12,14,16,27,33
3,5,8,11,14,18,37
4,15,20,21,33,34,36
2,7,26,29,31,33,38
11,12,20,21,24,30,31
14,24,26,28,31,34,35
1,13,15,24,30,31,36
3,13,14,22,24,28,39
1,3,11,14,18,35,38
4,6,10,15,16,19,26
1,5,14,18,23,25,29
3,12,15,25,32,36,39
10,21,22,28,29,34,37
7,8,10,11,12,34,39
2,3,5,8,26,33,34
7,19,22,23,24,31,39
6,7,17,18,21,29,35
3,6,15,20,27,28,38
8,10,11,14,15,25,35
1,8,10,11,24,28,34
5,6,10,23,25,33,35
5,8,11,13,16,22,34
2,11,17,20,33,38,39
9,11,15,20,23,30,31
1,5,12,13,24,25,39
5,13,15,20,21,28,34
4,5,10,20,29,31,33
7,10,19,22,25,26,37
2,8,12,16,19,28,33
4,6,9,24,32,35,37
10,19,22,26,30,31,33
5,8,9,13,21,22,27
10,12,15,21,26,32,39
18,21,22,25,26,29,34
13,21,23,24,25,29,33
1,9,15,18,19,32,35
10,13,14,29,34,35,39
3,6,12,18,23,29,31
7,8,18,19,22,28,34
4,6,9,12,19,23,27
12,19,20,24,27,30,36
11,13,20,25,27,34,39
8,10,15,17,21,26,27
1,5,6,13,21,28,31
10,11,12,15,16,27,34
4,19,25,26,27,36,37
5,7,13,14,19,33,35
3,15,18,19,22,27,33
3,10,12,19,29,34,39
1,15,19,23,26,31,38
2,6,15,27,30,33,37
4,10,19,24,27,33,34
3,6,8,19,20,25,26
12,15,18,25,28,31,37
6,7,10,16,21,29,30
4,7,11,15,18,20,25
12,21,25,27,33,38,39
6,22,24,26,32,35,36
1,8,11,14,15,24,35
8,9,15,16,24,34,38
9,11,15,16,20,30,31
4,7,8,13,27,29,33
12,17,18,21,24,25,32
4,5,7,17,28,29,36
13,19,23,28,29,30,38
13,16,17,18,20,25,39
12,16,17,22,23,35,39
2,7,9,14,23,30,36
11,13,17,27,30,34,38
4,6,15,21,25,30,34
5,12,14,23,29,34,39
2,8,13,17,25,29,34
10,11,13,18,28,37,38
11,12,25,27,33,34,36
11,16,19,21,22,33,35
4,5,13,15,26,34,38
5,9,15,20,29,30,33
1,6,12,18,19,34,35
3,7,18,21,23,24,34
2,4,10,16,17,29,35
5,10,11,19,29,38,39
4,5,8,11,14,36,39
5,6,9,15,16,19,29
1,2,15,19,22,30,31
4,5,8,11,21,28,37
5,7,23,24,33,38,39
3,10,21,22,29,32,34
1,13,14,18,19,33,37
1,6,7,14,29,33,34
7,21,22,25,29,31,38
3,5,11,15,20,21,25
3,7,27,29,35,37,38
3,16,19,29,32,35,37
5,13,18,22,28,33,39
8,18,19,22,24,27,37
20,24,29,30,35,37,39
17,19,20,21,23,26,36
1,16,18,28,29,32,33
2,9,14,21,23,35,36
5,7,19,20,22,23,37
1,9,14,16,21,29,34
2,17,23,26,29,31,32
1,11,20,24,25,34,39
7,8,9,25,26,30,31
12,20,22,27,28,36,39
2,11,19,22,32,33,36
1,4,14,17,22,29,31
8,12,20,32,33,36,37
5,6,7,14,29,33,39
6,7,14,19,27,32,35
3,6,9,12,19,38,39
1,4,11,13,16,19,21
10,11,13,20,27,28,38
6,10,20,26,27,33,38
7,13,14,19,20,27,30
1,7,21,27,29,34,39
4,7,19,22,29,36,37
5,12,17,24,31,32,35
4,7,8,9,10,35,36
13,14,17,20,24,27,38
2,17,26,29,35,36,37
1,7,9,10,17,19,30
7,9,12,15,16,21,29
6,10,14,16,17,27,36
8,25,27,30,32,36,39
1,10,16,17,20,23,34
2,12,14,16,19,31,39
2,4,7,16,17,25,29
7,16,17,18,24,28,37
4,15,25,26,31,33,34
1,4,17,24,28,33,37
3,7,10,25,32,33,39
4,12,18,27,34,36,37
1,4,13,23,29,33,34
2,10,15,16,20,21,25
3,5,8,13,23,24,26
2,6,8,10,14,23,30
5,8,12,22,28,30,31
9,11,14,26,33,34,37
1,8,9,11,15,17,34
1,10,15,19,29,32,36
2,6,7,8,15,18,23
2,18,24,30,33,34,39
5,6,7,15,32,36,39
1,9,16,19,27,32,34
4,5,17,19,26,31,37
1,10,18,24,32,35,39
8,11,13,14,18,23,36
8,15,22,27,34,37,38
3,5,12,17,24,27,34
6,9,19,25,26,34,36
6,12,13,17,28,30,35
2,4,9,10,21,27,35
9,18,19,23,33,34,36
2,9,11,15,19,22,33
3,4,21,22,24,29,33
14,21,26,27,31,34,37
3,7,15,22,23,31,39
4,9,10,16,24,27,35
2,10,12,15,16,18,29
10,17,25,26,34,38,39
6,14,17,19,21,28,39
10,14,19,33,35,37,38
18,21,25,30,31,34,38
8,16,17,19,25,27,39
4,7,22,23,32,35,36
5,6,19,24,31,32,39
4,7,11,20,23,25,34
8,13,17,21,29,32,38
3,8,11,19,23,28,34
7,11,13,19,26,34,39
2,5,10,21,28,31,36
10,11,13,14,23,34,38
4,6,18,26,29,31,34
2,7,12,17,18,21,25
17,23,27,29,32,35,39
1,2,14,17,18,32,35
1,3,11,13,17,25,37
9,16,18,19,21,32,33
8,10,11,13,14,32,37
8,9,10,13,15,19,24
3,9,11,14,15,20,28
10,11,12,17,21,31,38
1,6,9,13,25,28,39
3,8,14,18,19,28,34
6,11,13,23,30,37,39
1,3,4,8,11,12,16
5,8,20,26,27,34,36
4,20,22,24,34,38,39
22,23,27,28,34,36,39
3,8,22,26,27,33,39
2,3,15,16,19,22,26
1,3,4,5,12,20,35
5,12,14,15,27,35,38
1,2,6,11,15,23,32
1,6,15,20,23,27,38
7,8,11,19,22,34,37
4,15,18,20,25,26,35
23,25,28,30,35,37,39
6,9,22,23,27,36,38
1,3,6,8,18,23,28
4,11,13,16,18,29,30
4,6,7,14,19,23,29
14,22,28,30,37,38,39
1,3,6,15,22,25,28
4,9,10,12,18,25,39
2,4,12,17,18,30,36
1,8,13,19,26,29,37
17,20,21,29,30,34,39
4,6,12,14,17,26,28
2,11,18,22,23,36,37
8,14,25,26,31,33,37
8,10,11,13,28,30,33
3,9,16,22,26,33,36
3,6,11,29,32,34,35
13,14,17,19,22,23,29
9,13,15,16,22,30,33
3,8,18,20,22,25,26
2,9,18,19,20,24,28
10,14,19,30,33,34,38
1,14,26,28,34,35,36
3,11,12,15,30,32,37
8,16,22,23,24,30,31
3,8,11,14,21,22,33
7,18,21,24,26,34,35
5,10,11,14,19,21,23
5,8,12,15,22,35,38
14,22,23,26,36,37,38
6,11,13,16,17,18,34
6,13,18,19,30,32,39
5,6,11,13,23,25,27
4,7,11,15,18,34,38
5,7,10,13,21,25,34
2,8,12,24,28,30,39
8,11,12,14,28,32,37
3,12,16,17,21,27,38
2,9,13,23,25,28,30
7,11,21,28,35,37,39
3,10,26,30,31,33,38
7,13,14,29,30,32,36
1,4,11,16,22,23,30
1,11,14,15,20,23,30
1,2,5,6,10,12,33
6,14,25,31,32,34,36
2,4,26,29,32,33,37
4,9,21,23,25,31,38
4,5,8,13,18,25,29
2,11,16,34,35,37,39
4,17,18,24,25,32,37
5,8,9,10,22,31,39
1,3,13,18,24,25,38
3,17,20,25,29,30,39
10,14,18,26,28,30,33
4,12,18,25,33,34,39
8,17,25,27,37,38,39
7,11,28,34,35,36,37
8,10,12,21,24,29,37
10,11,19,29,32,38,39
1,2,5,20,24,35,36
11,26,28,30,32,33,36
8,10,14,26,33,34,36
5,7,15,27,31,32,35
6,15,18,23,26,32,33
2,3,5,23,24,34,35
3,5,15,17,18,28,36
3,8,10,14,15,26,28
4,11,12,15,27,31,37
7,8,11,20,23,25,35
3,6,7,8,16,22,32
2,4,5,8,12,14,34
2,5,10,16,22,24,33
5,6,8,13,32,35,36
12,13,22,32,34,35,37
3,6,21,23,24,25,34
3,11,18,22,25,32,35
4,14,18,22,25,33,37
7,9,14,17,27,32,37
3,11,20,21,25,29,33
1,2,3,26,27,28,37
2,3,11,12,17,19,36
5,8,14,25,32,36,39
2,3,5,9,11,27,31
1,12,19,24,28,32,39
2,8,13,21,25,31,39
1,6,10,27,30,36,37
7,10,16,18,19,24,25
11,12,24,28,33,36,39
1,4,6,10,22,25,35
3,6,9,16,28,32,37
6,9,13,21,29,32,34
4,5,17,27,29,30,33
3,4,10,12,24,30,31
3,16,21,22,23,27,29
1,3,19,25,27,35,37
2,11,12,14,23,25,29
22,23,27,30,34,35,37
7,18,22,24,27,29,33
9,10,13,16,28,33,35
1,10,18,22,29,34,35
10,13,17,24,32,37,39
4,8,22,23,31,33,38
1,6,14,24,25,28,31
6,11,14,15,17,29,39
4,7,18,22,23,31,38
14,19,20,21,23,35,37
1,8,10,18,22,34,39
6,9,15,20,22,28,36
12,13,15,16,23,32,36
7,10,19,25,26,34,39
7,8,15,18,20,28,39
1,5,7,8,13,19,34
5,14,22,24,29,36,38
5,11,14,28,33,38,39
15,18,23,28,32,38,39
2,3,7,16,21,22,33
6,11,17,19,22,29,37
1,2,7,12,19,24,27
1,2,5,14,20,21,33
10,20,21,25,30,34,35
6,11,13,18,25,29,32
6,20,23,26,31,33,37
6,7,8,13,19,25,36
8,11,19,33,34,36,38
8,17,24,30,34,37,38
7,13,14,18,23,26,27
11,18,20,22,30,36,39
3,6,7,18,29,32,37
5,9,10,22,24,30,31
4,8,9,10,23,30,33
7,8,12,23,26,28,39
7,9,11,12,19,26,35
6,15,23,30,34,35,39
4,8,10,11,15,29,32
2,8,13,25,35,36,38
1,11,20,23,24,30,34
7,15,16,19,27,36,37
2,13,14,18,21,23,25
3,11,20,21,23,25,31
12,16,17,19,29,35,37
3,4,5,25,33,34,39
10,16,18,20,25,31,36
5,10,12,24,26,29,33
3,9,11,15,18,19,22
3,4,20,23,30,32,36
6,8,13,15,32,36,37
4,5,20,29,30,34,39
2,5,12,27,30,35,39
3,7,10,17,24,35,39
1,6,8,9,10,31,37
1,3,4,6,19,24,32
6,7,8,11,22,26,38
1,6,7,12,23,29,39
11,14,15,21,26,33,38
4,9,23,32,35,36,39
8,13,23,30,32,35,39
1,10,13,17,18,24,25
2,23,26,34,35,36,38
10,12,18,23,32,33,34
8,12,14,20,25,26,28
3,4,5,16,31,34,37
6,14,23,35,36,38,39
1,11,29,31,33,34,36
5,9,15,19,22,33,34
4,14,15,20,29,32,34
6,13,19,20,30,32,34
2,5,15,22,23,26,34
10,13,17,24,29,33,39
1,3,5,12,15,24,35
3,8,10,12,15,35,38
3,10,14,16,24,27,34
7,13,14,18,22,26,29
8,9,20,21,25,27,30
4,7,8,20,33,36,38
10,16,22,28,29,31,32
16,20,25,34,35,37,38
4,11,12,28,31,35,36
6,8,20,23,26,27,32
10,16,17,22,26,29,39
1,9,15,17,18,22,31
1,4,5,17,19,31,34
9,11,16,20,29,30,36
3,15,17,26,32,33,38
3,5,9,10,13,17,32
1,2,11,17,23,34,39
13,14,18,27,29,32,37
7,12,13,14,30,31,36
4,5,6,12,22,25,29
1,12,17,21,24,25,32
1,3,4,7,18,19,23
8,9,11,12,31,37,39
2,4,8,12,18,32,39
13,17,19,23,33,35,39
5,8,13,23,24,32,38
6,26,29,32,35,37,38
3,8,11,19,20,24,29
5,17,18,22,23,29,37
8,10,14,17,23,30,37
2,7,11,14,22,28,32
1,3,12,14,18,22,34
4,10,15,18,24,28,34
5,6,21,25,26,31,35
10,13,17,26,36,37,39
9,10,22,23,25,33,37
10,12,19,20,29,37,39
2,6,9,24,25,31,36
1,3,14,25,26,28,31
10,11,18,22,24,31,32
2,3,13,18,23,31,33
16,18,22,23,28,30,37
10,11,21,27,28,31,35
6,7,10,27,28,35,39
3,10,14,15,29,30,36
1,5,8,10,11,13,25
5,6,7,11,16,21,28
9,12,19,21,24,36,38
1,2,8,10,23,36,38
14,16,20,28,32,33,38
4,8,11,15,19,22,34
6,20,21,23,25,30,38
8,11,20,23,27,30,34
1,3,18,29,32,33,34
7,9,14,23,31,32,38
3,12,14,15,19,29,37
2,10,13,18,22,28,38
2,13,14,22,24,26,27
2,5,18,23,32,33,39
1,11,15,29,32,34,36
1,11,13,24,25,26,34
9,12,16,20,28,29,33
5,10,18,21,26,28,32
2,3,5,14,28,31,35
2,3,8,16,19,34,39
9,19,24,29,33,35,39
2,13,15,18,27,32,33
1,4,19,21,28,29,39
2,16,20,22,27,34,36
3,10,18,23,30,33,37
9,14,17,18,27,34,35
1,4,7,15,19,27,33
2,7,18,20,24,30,36
1,2,8,14,24,29,31
3,9,14,23,27,37,38
4,13,17,20,24,31,38
6,15,16,24,32,33,39
2,4,9,10,12,14,34
3,13,15,19,24,26,27
2,5,16,19,29,38,39
7,8,10,22,23,27,36
4,9,14,16,17,28,34
1,3,10,11,23,24,31
18,19,29,30,31,34,37
3,7,11,13,19,20,37
6,8,10,15,22,23,34
18,20,24,27,29,36,39
4,12,25,27,29,30,32
1,8,10,12,14,34,35
6,7,8,12,15,16,26
10,12,23,27,31,35,38
2,5,12,13,19,20,25
2,8,12,14,25,26,39
1,8,18,20,28,32,34
1,4,12,19,24,25,32
1,3,5,9,18,19,33
7,8,21,24,30,35,36
8,16,20,23,25,33,38
7,13,16,19,22,23,27
5,6,10,16,19,32,33
5,11,29,30,34,35,36
1,8,9,16,25,32,38
4,13,16,24,25,29,31
2,4,6,28,32,35,36
6,15,23,26,31,33,36
1,8,13,21,23,25,37
3,9,17,19,20,28,31
1,2,4,15,28,29,37
6,10,13,23,26,29,30
9,13,17,20,24,33,38
1,2,6,12,33,34,39
8,16,19,23,29,31,37
14,15,17,29,32,37,39
2,7,24,31,36,37,38
3,5,9,13,20,21,38
1,4,10,22,24,28,32
4,9,24,28,32,35,38
1,4,8,10,25,26,32
2,3,8,9,11,18,26
2,3,4,5,33,35,36
8,11,13,14,26,32,38
12,14,20,21,22,25,29
7,18,19,21,22,30,37
1,14,19,26,30,34,38
6,14,17,19,21,24,31
3,14,22,23,27,30,38
2,8,21,23,24,29,32
7,13,15,16,25,33,34
4,7,11,16,20,23,31
5,7,8,9,10,21,31
8,10,15,16,21,27,39
4,7,9,11,14,20,31
2,5,12,15,23,27,31
2,13,26,33,35,38,39
4,8,19,24,26,28,39
2,7,9,15,26,37,38
3,4,8,10,17,18,24
3,4,13,28,29,35,37
3,5,7,8,25,34,39
14,16,17,27,29,32,38
2,8,22,26,27,33,38
9,16,25,28,30,31,36
1,4,15,19,30,32,34
15,25,26,28,29,37,38
4,13,20,29,30,34,36
7,13,18,32,37,38,39
5,6,8,23,24,28,38
5,15,20,24,27,32,33
10,15,17,20,23,29,32
3,5,6,18,24,26,38
13,19,21,23,26,31,32
10,16,18,26,31,35,37
13,15,17,18,19,25,26
8,10,13,19,21,30,33
8,16,21,22,30,35,36
4,5,16,17,23,31,35
7,12,17,21,23,28,30
3,5,7,12,22,28,34
4,7,16,19,29,37,38
1,10,18,23,27,33,37
9,10,11,27,31,33,39
9,10,13,24,32,35,39
3,15,17,19,20,32,34
2,5,8,10,20,34,36
3,10,11,12,15,25,30
6,9,15,19,24,26,34
3,5,10,16,21,24,39
3,14,18,28,29,30,33
1,7,13,28,30,34,36
14,17,22,23,26,30,31
15,16,17,24,26,28,32
1,7,12,24,26,30,36
6,9,13,18,25,34,35
10,12,14,23,29,36,39
8,13,15,25,31,34,38
1,3,4,7,27,29,38
4,10,11,27,28,37,38
23,24,27,28,29,37,38
8,23,24,25,28,33,35
2,7,13,20,25,31,36
4,10,12,17,19,31,37
8,25,26,27,33,36,39
8,18,27,33,34,36,39
10,12,25,29,31,36,39
5,7,20,25,29,32,35
11,12,14,15,20,22,36
6,10,21,25,27,33,38
16,22,23,25,26,28,34
1,9,14,25,27,28,37
7,13,14,18,23,29,32
5,8,9,16,25,28,36
11,13,22,23,26,28,33
13,18,24,26,30,37,39
2,11,21,22,28,34,37
16,19,22,23,31,36,38
5,6,12,13,23,30,38
8,12,13,15,16,21,26
7,10,12,16,21,24,26
21,22,23,24,29,32,34
6,7,9,19,25,26,29
12,22,23,26,27,28,32
7,9,15,18,31,36,38
3,8,9,10,15,19,34
1,3,8,25,28,36,37
5,14,17,25,27,33,39
6,11,15,20,31,32,39
1,7,26,29,33,36,38
1,5,12,17,25,34,35
6,8,11,17,19,25,35
3,6,11,14,16,26,39
3,4,8,20,29,30,31
3,8,10,12,13,16,23
6,7,10,16,27,30,31
6,7,11,18,25,33,37
6,7,11,19,22,23,26
7,12,15,25,28,34,37
2,5,9,10,12,17,34
3,6,9,19,21,35,36
8,14,25,26,27,30,37
1,12,18,31,32,34,39
1,3,12,13,20,24,29
1,9,18,23,29,32,38
11,12,23,27,28,33,38
2,6,11,14,20,22,24
3,4,9,12,26,37,39
9,15,18,26,28,33,35
4,10,12,13,20,27,32
11,13,16,19,21,36,38
1,9,11,21,33,34,35
2,7,13,16,21,31,36
2,19,20,25,26,33,39
3,4,6,8,20,24,33
15,17,20,22,23,27,34
1,4,7,11,16,17,30
5,13,17,22,26,28,31
2,7,14,17,28,29,30
1,11,12,18,24,28,39
7,8,12,24,27,32,33
14,15,17,21,23,26,27
7,15,18,19,30,33,35
9,14,19,26,28,30,34
8,20,26,28,32,33,39
11,14,15,25,31,32,39
8,16,23,25,28,30,33
3,11,17,26,28,33,36
1,2,3,12,29,30,33
1,4,6,12,25,26,27
11,22,24,25,27,30,32
6,15,18,22,23,35,37
2,4,12,25,26,31,37
1,5,12,24,25,27,35
3,5,15,28,33,34,35
7,8,10,25,27,33,37
13,19,29,32,37,38,39
2,18,19,21,24,36,38
7,9,13,28,31,36,38
3,4,16,26,29,35,37
3,5,10,15,27,31,34
2,5,10,11,24,30,31
2,5,7,11,14,16,33
2,5,6,27,32,36,37
2,8,12,14,26,27,37
4,8,9,20,21,28,34
10,16,20,23,32,37,39
1,5,15,26,33,34,37
3,6,7,15,22,28,39
3,21,29,32,34,36,39
1,6,13,17,21,26,37
3,19,21,31,32,34,37
6,7,8,10,11,35,38
9,12,17,21,22,28,38
11,15,16,21,24,36,38
12,13,17,29,31,37,39
8,22,23,27,30,35,39
5,12,18,21,25,26,27
5,6,13,14,26,31,39
2,11,21,24,30,33,36
3,5,20,25,27,32,38
12,16,17,23,25,36,39
2,4,7,8,12,27,28
5,10,12,16,21,23,34
5,18,25,33,34,38,39
1,2,7,10,26,29,32
5,8,9,33,35,37,39
4,8,12,16,29,34,37
2,7,14,16,23,33,37
1,2,3,5,17,34,39
10,25,28,29,33,35,38
3,8,15,16,20,22,27
4,10,13,18,21,25,36
2,4,9,18,19,26,38
8,11,14,16,28,31,39
4,5,9,10,14,35,36
17,25,30,33,34,35,38
7,18,22,30,31,32,38
14,17,20,22,30,32,38
4,8,18,23,33,36,37
1,5,6,8,12,22,26
11,12,18,23,27,28,39
1,6,22,24,28,33,39
5,7,14,22,34,37,38
7,10,13,16,29,30,34
2,4,14,22,32,33,36
7,14,19,24,34,35,38
4,13,15,18,24,27,38
6,10,21,23,24,31,36
3,5,25,28,29,35,38
7,18,20,23,26,28,34
4,7,20,24,27,29,32
2,4,26,28,32,34,39
3,5,9,10,24,27,36
8,14,15,26,31,38,39
2,3,7,9,24,33,35
1,15,19,26,30,32,37
3,4,6,13,23,31,33
1,24,26,28,32,35,38
7,8,15,20,22,29,38
3,7,21,28,29,30,34
3,4,8,22,28,29,30
7,19,22,29,33,34,39
10,19,22,29,32,33,39
11,12,24,31,32,34,38
8,17,19,27,30,35,39
7,12,14,15,16,18,26
3,4,18,26,29,32,33
3,5,8,13,25,31,32
3,10,12,14,27,28,38
8,11,13,23,31,37,38
10,21,24,26,28,31,37
6,24,27,29,31,33,37
3,12,23,31,36,37,38
3,9,11,21,22,26,32
4,5,19,21,25,27,29
3,4,17,21,30,33,39
4,5,15,16,21,25,37
2,3,7,18,22,25,37
3,5,19,20,27,35,36
9,10,13,15,25,26,38
4,7,11,15,19,27,38
1,6,9,17,18,34,37
13,15,16,24,29,34,38
9,18,22,27,29,30,37
1,2,10,15,30,36,39
1,5,16,26,27,29,30
10,12,15,19,32,34,35
12,19,26,32,35,37,39
1,3,5,9,23,32,37
5,10,16,18,19,25,29
2,3,12,19,20,24,29
13,20,22,30,32,35,37
4,9,19,23,25,34,37
3,9,19,23,27,29,31
11,12,14,20,24,28,30
1,11,19,25,30,35,39
4,5,7,13,25,27,36
3,13,17,18,19,24,33
2,5,22,25,32,33,36
8,9,15,16,21,33,37
6,7,22,24,34,36,37
2,4,13,16,17,23,37
5,6,10,17,23,30,34
13,23,24,29,33,35,39
3,15,19,24,26,34,39
5,7,16,26,30,33,38
9,10,20,27,31,34,35
6,13,20,21,23,25,38
1,3,7,16,18,26,38
4,14,15,16,22,32,36
3,16,20,22,24,29,35
10,11,13,22,25,26,31
5,14,15,24,27,33,34
4,14,16,19,22,24,27
2,9,10,11,12,32,34
7,10,22,23,24,31,34
2,7,14,24,32,33,37
6,12,16,23,32,34,39
1,10,15,22,26,32,34
17,21,26,30,32,35,39
2,6,10,24,35,36,37
2,6,8,16,17,30,31
4,6,10,13,17,25,36
10,19,24,29,32,35,37
5,12,14,16,27,36,37
8,12,18,24,30,33,38
6,15,20,25,27,34,39
9,11,14,15,24,29,35
10,21,22,24,25,34,35
8,13,17,23,27,31,34
2,3,14,17,27,34,35
4,11,13,15,23,34,35
12,16,23,25,31,37,38
1,3,19,25,26,28,33
2,4,7,15,20,24,34
6,7,12,13,15,17,19
7,10,11,16,24,25,32
3,12,18,25,28,33,34
7,9,14,15,24,32,35
5,19,21,26,27,34,35
4,8,28,31,34,35,37
1,10,18,20,24,29,33
10,14,23,25,30,31,39
9,15,16,21,25,26,36
2,3,7,24,25,27,34
3,10,19,25,31,32,34
5,7,22,23,26,34,39
6,7,10,20,26,37,39
2,3,6,12,17,25,26
3,4,10,12,15,17,36
6,12,14,19,31,33,37
3,11,15,17,26,29,30
7,8,22,28,32,33,35
4,12,14,18,19,29,37
7,10,16,17,22,29,36
2,3,4,15,18,30,37
2,3,8,17,18,21,22
13,17,23,24,36,37,38
2,5,11,15,27,29,35
3,6,9,10,11,17,24
6,8,12,21,30,36,39
1,3,10,15,17,22,35
2,7,11,22,24,32,33
5,6,8,17,19,32,39
5,21,24,27,28,31,33
7,9,13,14,24,31,38
3,4,7,8,18,27,33
11,12,16,22,26,35,38
1,8,11,28,29,30,31
8,14,15,17,22,24,32
3,6,8,12,14,28,38
1,5,9,15,25,32,35
2,8,19,30,31,32,37
1,2,7,17,18,22,26
2,8,21,24,28,31,36
5,11,19,22,25,31,39
8,10,14,20,23,27,31
4,5,7,14,19,36,38
1,9,13,18,19,34,39
15,19,20,26,30,35,38
1,12,14,25,33,34,38
6,15,16,19,21,25,37
2,7,17,19,31,33,36
11,20,22,23,29,34,37
2,3,5,12,14,17,34
2,11,18,28,31,35,37
1,3,16,18,25,28,29
2,8,9,12,20,33,38
1,3,6,10,19,23,39
4,6,12,19,21,26,29
4,6,13,20,29,35,39
8,9,21,22,27,29,38
8,11,19,29,35,37,39
12,19,20,21,22,24,33
3,15,22,26,28,33,39
3,5,11,19,20,26,37
1,14,16,22,28,33,39
14,19,20,30,31,32,33
3,10,16,18,33,34,39
2,4,6,13,19,34,37
1,16,18,21,30,36,39
2,6,10,13,25,29,33
4,14,22,23,32,33,36
5,11,14,19,25,28,32
14,16,19,25,30,32,38
8,10,25,26,27,28,34
13,15,28,32,36,37,39
2,5,12,21,32,35,38
9,11,19,21,26,31,37
9,10,21,26,31,34,38
8,9,15,18,22,27,37
8,13,16,23,25,33,39
7,8,12,14,15,24,28
1,5,8,12,20,23,31
6,15,16,24,29,31,37
3,6,11,24,28,33,35
6,8,12,18,20,31,35
1,6,7,13,26,30,32
2,9,20,22,23,30,31
18,22,26,31,32,37,38
1,16,23,29,30,31,35
1,3,9,15,23,27,28
15,17,22,23,26,28,32
18,19,20,25,31,35,39
7,21,22,25,28,31,32
4,9,11,13,17,29,36
4,10,12,15,19,20,33
2,3,5,7,8,16,22
1,2,4,6,10,14,21
5,8,12,14,22,23,24
10,12,17,20,21,25,36
4,13,18,26,28,38,39
5,15,17,24,25,29,34
7,9,13,18,22,27,31
3,5,6,9,21,31,39
8,18,19,21,23,36,37
14,18,22,24,31,32,33
4,16,21,22,25,27,30
16,22,24,25,28,33,36
3,5,12,16,20,21,39
2,6,8,22,28,30,36
1,2,5,12,14,15,32
6,9,11,16,18,33,37
1,7,12,14,22,27,30
7,8,9,10,25,29,32
1,2,4,6,14,24,36
5,8,11,23,28,32,39
9,19,20,25,26,32,36
5,7,11,13,24,26,27
4,7,8,9,10,11,15
1,3,4,16,20,33,35
1,2,16,19,23,25,26
13,15,18,23,27,35,37
1,2,3,11,12,19,37
5,6,24,32,34,38,39
8,9,16,24,25,30,33
1,4,8,12,18,20,35
2,6,11,15,22,31,39
2,8,9,10,14,26,37
1,6,9,30,34,36,39
7,20,22,25,28,32,36
6,8,10,13,21,28,39
3,4,15,16,18,27,32
3,10,19,25,27,32,35
3,6,21,25,27,33,38
1,3,17,19,24,27,34
10,13,16,31,32,33,39
2,5,7,9,11,16,20
4,8,22,23,26,27,28
8,9,17,23,33,35,38
6,9,10,11,24,25,38
2,10,17,22,29,34,38
7,15,21,23,27,34,39
3,4,8,14,24,37,39
6,7,9,14,22,26,30
1,2,8,14,26,33,39
2,14,15,32,33,36,37
1,12,17,20,23,25,34
2,6,7,11,25,32,34
2,4,6,10,12,18,37
10,20,21,26,32,34,36
7,11,18,20,25,38,39
4,18,19,25,26,33,36
6,12,23,28,32,33,36
7,8,10,17,21,28,30
1,8,22,25,34,35,36
8,10,20,21,30,32,34
13,15,16,22,25,33,36
11,16,27,31,33,34,39
3,8,12,21,34,37,39
1,4,5,6,18,20,28
2,6,21,28,30,37,38
6,7,8,10,22,34,38
10,13,23,25,29,31,36
4,11,12,14,21,35,38
4,12,17,18,21,25,38
14,17,19,21,26,30,36
6,10,13,16,19,21,23
3,10,11,23,27,29,36
9,12,29,32,34,35,36
3,15,21,25,28,29,34
4,15,16,20,33,38,39
7,11,16,18,29,31,36
4,5,6,15,23,26,36
4,13,14,19,27,35,37
1,7,13,18,25,30,34
1,5,6,7,11,24,37
2,4,6,11,21,33,35
1,3,11,12,19,35,38
1,2,6,10,18,24,34
6,20,21,22,27,29,36
5,19,23,30,31,34,36
6,9,12,20,24,31,36
10,14,17,24,32,35,36
5,9,10,13,16,28,34
10,13,14,21,30,32,39
2,7,11,23,26,38,39
1,7,20,24,26,35,37
2,11,20,23,33,34,35
5,11,13,14,21,24,36
13,16,23,27,30,34,35
6,16,19,22,24,30,39
2,5,9,18,31,35,38
7,9,10,13,30,32,34
1,2,4,13,15,31,37
2,7,21,29,31,38,39
11,14,16,25,29,37,39
3,9,13,22,27,29,34
4,10,11,21,24,29,32
4,18,19,29,31,33,35
2,5,9,14,19,21,27
11,13,15,22,35,36,39
15,17,19,30,34,36,37
5,9,15,20,22,26,34
1,2,10,13,28,30,33
6,9,10,13,20,26,37
3,4,5,7,25,26,39
6,14,26,27,30,33,37
18,21,24,30,31,37,38
7,10,12,16,18,20,37
6,8,14,18,19,23,29
3,5,11,14,19,23,32
3,8,24,25,33,37,38
14,19,23,25,30,31,34
6,13,18,21,25,29,31
2,12,23,26,27,33,35
1,2,7,11,12,30,37
3,5,11,13,14,16,38
6,16,21,23,32,34,39
3,4,7,9,16,22,36
3,8,11,12,14,36,37
3,7,13,15,20,28,34
7,10,16,19,22,32,39
2,8,11,14,17,19,34
5,6,18,30,33,34,38
5,8,13,14,16,28,29
6,19,20,21,28,31,33
5,8,20,21,27,33,36
1,2,5,27,34,35,38
4,7,14,19,23,35,39
3,26,29,30,32,35,38
5,6,9,10,22,25,36
7,8,11,18,23,28,33
9,16,24,28,30,33,34
3,5,6,17,18,21,29
4,14,19,24,29,33,35
4,6,8,11,18,25,29
1,4,13,14,22,26,39
1,8,11,28,29,34,37
5,7,9,18,27,35,37
3,8,13,18,24,31,35
4,5,9,15,28,29,34
2,8,9,18,21,30,37
3,8,13,14,27,28,32
3,8,11,19,23,27,29
1,13,16,20,25,26,28
7,18,21,27,32,37,39
2,8,11,14,21,22,39
6,13,14,15,17,21,36
4,8,10,12,16,19,38
3,17,20,21,23,25,36
2,16,27,30,31,35,38
2,5,12,14,23,24,32
5,6,12,18,22,29,31
1,9,10,16,22,24,31
13,16,24,28,33,34,35
9,10,27,29,30,34,37
11,19,20,21,24,36,38
1,5,11,14,15,25,39
7,22,23,30,31,34,38
1,8,11,12,29,36,39
17,20,27,30,31,36,37
1,11,25,27,31,32,39
6,13,16,23,28,29,37
8,9,17,20,31,35,37
16,22,24,26,32,35,38
4,10,16,18,23,29,39
6,14,22,24,29,30,31
9,13,14,18,28,33,38
3,8,10,18,19,24,39
1,2,20,30,33,35,36
4,5,21,27,28,35,39
13,14,16,19,27,33,34 